DATE,SUBSCRIBERS_GAINED,SUBSCRIBERS_LOST,VIEWS,WATCH_HOURS,LIKES,SHARES,COMMENTS,TOTAL_SUBSCRIBERS
2020-01-01,1,0,9,0,0,0,0,1
2020-01-02,1,0,13,1,0,0,0,2
2020-01-03,1,0,17,1,0,0,0,3
2020-01-04,1,0,45,2,0,0,0,4
2020-01-05,1,0,63,4,0,0,0,5
2020-01-06,1,0,34,3,1,0,0,6
2020-01-07,1,0,39,3,1,0,0,7
2020-01-08,1,0,46,3,1,0,0,8
2020-01-09,1,0,48,5,1,0,0,9
2020-01-10,1,0,49,5,2,0,0,10
2020-01-11,1,0,139,13,4,0,0,11
2020-01-12,1,0,119,11,4,0,0,12
2020-01-13,2,0,60,5,2,0,0,14
2020-01-14,1,0,64,7,3,0,0,15
2020-01-15,1,0,84,7,3,0,0,16
2020-01-16,2,0,89,6,3,0,0,18
2020-01-17,2,0,90,9,3,0,0,20
2020-01-18,2,0,228,18,6,0,0,22
2020-01-19,2,0,198,15,9,0,0,24
2020-01-20,2,0,106,10,4,0,0,26
2020-01-21,3,0,105,9,4,0,0,29
2020-01-22,2,0,122,9,4,0,0,31
2020-01-23,3,0,117,9,3,0,0,34
2020-01-24,2,0,118,13,5,1,0,36
2020-01-25,3,0,303,22,11,1,0,39
2020-01-26,3,0,326,27,11,1,0,42
2020-01-27,2,0,129,14,5,1,0,44
2020-01-28,3,0,143,13,5,1,0,47
2020-01-29,3,0,134,13,6,1,0,50
2020-01-30,3,0,116,11,7,1,0,53
2020-01-31,3,0,163,13,7,1,0,56
2020-02-01,4,0,396,33,15,1,0,60
2020-02-02,3,0,395,31,13,1,0,63
2020-02-03,3,0,142,16,6,1,0,66
2020-02-04,4,0,176,17,8,1,0,70
2020-02-05,3,0,145,18,8,1,0,73
2020-02-06,4,0,219,15,8,1,0,77
2020-02-07,3,0,177,21,6,1,0,80
2020-02-08,3,0,519,42,15,1,0,83
2020-02-09,4,0,518,40,18,1,0,87
2020-02-10,4,0,197,21,9,1,0,91
2020-02-11,4,1,196,24,10,1,0,94
2020-02-12,4,0,235,17,9,2,0,98
2020-02-13,4,1,213,20,10,2,0,101
2020-02-14,4,1,241,16,10,2,1,104
2020-02-15,4,0,523,47,22,2,1,108
2020-02-16,4,1,462,49,22,2,1,111
2020-02-17,5,1,199,22,10,1,1,115
2020-02-18,5,1,268,21,10,2,1,119
2020-02-19,4,1,252,18,11,2,1,122
2020-02-20,5,1,257,24,11,2,1,126
2020-02-21,5,0,298,27,11,2,1,131
2020-02-22,5,1,717,51,27,2,1,135
2020-02-23,6,1,635,58,29,2,1,140
2020-02-24,6,1,286,21,12,2,1,145
2020-02-25,6,1,317,27,11,2,1,150
2020-02-26,5,1,266,25,13,2,1,154
2020-02-27,5,1,320,24,11,2,1,158
2020-02-28,6,1,337,25,11,2,1,163
2020-02-29,6,1,781,58,29,3,1,168
2020-03-01,6,1,601,65,31,2,1,173
2020-03-02,6,1,312,25,12,2,1,178
2020-03-03,5,1,312,28,13,3,1,182
2020-03-04,5,1,353,29,13,3,1,186
2020-03-05,7,1,372,26,13,2,1,192
2020-03-06,7,1,415,36,16,3,1,198
2020-03-07,6,1,784,63,36,3,1,203
2020-03-08,7,1,795,65,33,2,1,209
2020-03-09,7,1,421,28,14,3,1,215
2020-03-10,6,1,395,38,13,3,1,220
2020-03-11,7,1,439,34,18,3,1,226
2020-03-12,8,1,407,30,17,3,1,233
2020-03-13,7,1,355,37,15,2,1,239
2020-03-14,8,1,795,76,38,3,2,246
2020-03-15,5,1,785,78,36,3,1,250
2020-03-16,8,1,447,33,16,3,1,257
2020-03-17,7,1,474,32,18,3,1,263
2020-03-18,7,1,509,37,16,3,1,269
2020-03-19,8,1,473,34,17,3,1,276
2020-03-20,6,1,493,43,18,3,1,281
2020-03-21,8,1,950,72,38,3,1,288
2020-03-22,8,1,902,96,42,3,2,295
2020-03-23,9,1,498,37,22,3,2,303
2020-03-24,8,1,483,40,17,4,2,310
2020-03-25,7,2,475,42,15,3,1,315
2020-03-26,8,1,493,37,15,4,2,322
2020-03-27,9,2,497,43,19,4,2,329
2020-03-28,9,2,1236,65,40,3,2,336
2020-03-29,8,1,1252,85,45,3,1,343
2020-03-30,9,1,525,37,20,4,1,351
2020-03-31,9,2,545,36,17,4,1,358
2020-04-01,10,1,535,41,16,3,1,367
2020-04-02,8,2,490,44,21,4,2,373
2020-04-03,9,2,559,46,21,4,1,380
2020-04-04,9,2,1017,99,45,4,2,387
2020-04-05,8,2,1319,92,40,4,2,393
2020-04-06,10,2,472,46,22,4,2,401
2020-04-07,10,2,557,45,24,4,1,409
2020-04-08,9,2,501,49,22,4,2,416
2020-04-09,9,2,582,49,20,4,2,423
2020-04-10,8,2,555,46,22,4,2,429
2020-04-11,9,2,1064,94,42,4,2,436
2020-04-12,9,2,1332,99,56,3,2,443
2020-04-13,9,2,539,45,23,5,2,450
2020-04-14,10,2,628,46,19,5,2,458
2020-04-15,10,2,582,50,23,4,2,466
2020-04-16,12,2,611,52,25,4,2,476
2020-04-17,10,2,536,49,23,5,2,484
2020-04-18,11,2,1265,112,51,5,2,493
2020-04-19,10,2,1294,114,47,5,2,501
2020-04-20,8,2,660,48,26,4,2,507
2020-04-21,11,2,715,46,23,4,2,516
2020-04-22,11,3,567,42,20,4,2,524
2020-04-23,14,3,689,48,24,5,2,535
2020-04-24,11,2,490,55,28,4,2,544
2020-04-25,11,2,1251,110,56,5,2,553
2020-04-26,11,2,1295,117,69,5,2,562
2020-04-27,10,2,553,56,27,4,2,570
2020-04-28,13,2,543,57,27,4,2,581
2020-04-29,12,3,677,49,26,6,2,590
2020-04-30,12,2,640,61,27,5,3,600
2020-05-01,10,2,684,62,26,6,2,608
2020-05-02,13,2,1596,112,58,5,2,619
2020-05-03,10,2,1541,117,65,5,2,627
2020-05-04,12,3,716,64,25,6,2,636
2020-05-05,15,2,671,57,25,5,2,649
2020-05-06,11,2,600,45,25,5,2,658
2020-05-07,11,2,757,50,34,5,2,667
2020-05-08,12,3,648,57,30,4,2,676
2020-05-09,12,3,1413,117,67,6,2,685
2020-05-10,10,3,1541,128,58,6,3,692
2020-05-11,12,3,636,60,31,6,2,701
2020-05-12,11,3,675,70,29,5,2,709
2020-05-13,13,3,732,59,31,6,3,719
2020-05-14,11,2,737,68,27,5,3,728
2020-05-15,15,2,652,71,31,6,3,741
2020-05-16,12,3,1541,162,65,5,2,750
2020-05-17,13,3,1802,146,63,6,3,760
2020-05-18,14,3,762,51,33,6,3,771
2020-05-19,11,3,882,67,26,6,3,779
2020-05-20,14,2,820,71,33,6,3,791
2020-05-21,15,3,822,64,34,5,3,803
2020-05-22,11,3,638,77,29,5,3,811
2020-05-23,14,3,1803,159,65,6,3,822
2020-05-24,14,3,1675,157,72,7,3,833
2020-05-25,15,3,710,74,34,5,3,845
2020-05-26,12,3,767,69,32,7,2,854
2020-05-27,12,3,829,51,35,6,2,863
2020-05-28,15,3,799,65,39,6,3,875
2020-05-29,14,3,696,77,32,5,3,886
2020-05-30,14,3,1854,141,63,6,3,897
2020-05-31,15,3,1620,153,83,7,3,909
2020-06-01,13,2,789,62,40,6,2,920
2020-06-02,15,3,752,83,36,6,3,932
2020-06-03,15,3,761,83,31,6,3,944
2020-06-04,14,3,841,65,34,7,2,955
2020-06-05,17,3,702,73,31,7,4,969
2020-06-06,15,3,2116,150,85,7,3,981
2020-06-07,13,3,1453,173,69,7,3,991
2020-06-08,16,3,745,77,35,7,3,1004
2020-06-09,14,3,823,79,32,7,3,1015
2020-06-10,16,3,843,76,37,7,3,1028
2020-06-11,17,4,792,96,35,7,3,1041
2020-06-12,14,3,797,67,37,7,3,1052
2020-06-13,17,3,1884,139,83,8,4,1066
2020-06-14,16,3,1773,164,74,8,3,1079
2020-06-15,17,3,921,64,40,6,3,1093
2020-06-16,19,3,880,65,37,6,3,1109
2020-06-17,15,3,884,69,34,7,3,1121
2020-06-18,15,3,737,70,47,8,3,1133
2020-06-19,14,3,811,71,40,6,4,1144
2020-06-20,15,4,1788,186,85,8,3,1155
2020-06-21,16,3,1664,168,99,8,4,1168
2020-06-22,17,4,853,78,46,8,4,1181
2020-06-23,17,3,782,87,39,8,3,1195
2020-06-24,18,3,882,74,41,6,4,1210
2020-06-25,17,3,741,79,36,7,4,1224
2020-06-26,19,4,975,84,39,7,4,1239
2020-06-27,16,3,1706,148,87,7,3,1252
2020-06-28,21,3,1921,139,92,8,3,1270
2020-06-29,18,4,903,85,42,7,4,1284
2020-06-30,15,4,791,87,43,9,5,1295
2020-07-01,15,4,912,101,42,7,4,1306
2020-07-02,18,4,738,85,36,9,4,1320
2020-07-03,17,4,966,91,38,9,4,1333
2020-07-04,19,3,1904,186,87,9,3,1349
2020-07-05,18,4,1791,198,92,7,3,1363
2020-07-06,17,4,823,100,47,8,4,1376
2020-07-07,16,3,919,68,37,7,3,1389
2020-07-08,15,3,801,90,41,9,4,1401
2020-07-09,17,4,789,106,47,8,4,1414
2020-07-10,19,4,835,90,42,8,4,1429
2020-07-11,18,4,1700,231,101,7,4,1443
2020-07-12,16,4,2281,186,96,6,4,1455
2020-07-13,18,4,809,89,45,7,4,1469
2020-07-14,19,4,931,90,43,9,4,1484
2020-07-15,17,4,879,70,47,8,3,1497
2020-07-16,19,4,777,80,38,8,4,1512
2020-07-17,19,3,863,81,43,9,4,1528
2020-07-18,16,4,2100,222,103,10,4,1540
2020-07-19,19,3,1913,225,108,10,4,1556
2020-07-20,20,4,972,95,52,8,5,1572
2020-07-21,21,4,958,100,44,7,4,1589
2020-07-22,21,3,950,92,53,11,4,1607
2020-07-23,16,4,831,105,43,11,4,1619
2020-07-24,17,4,778,94,52,9,4,1632
2020-07-25,20,4,1846,213,112,8,3,1648
2020-07-26,20,4,2007,207,94,10,5,1664
2020-07-27,20,4,924,102,48,9,4,1680
2020-07-28,27,4,686,92,47,9,4,1703
2020-07-29,21,4,877,106,50,10,4,1720
2020-07-30,22,4,893,86,47,9,4,1738
2020-07-31,22,5,856,86,46,8,4,1755
2020-08-01,21,5,2241,234,123,9,5,1771
2020-08-02,19,4,2072,218,108,10,4,1786
2020-08-03,22,5,1001,94,53,10,3,1803
2020-08-04,19,5,866,108,48,10,4,1817
2020-08-05,20,4,970,93,57,10,4,1833
2020-08-06,19,5,1033,98,46,9,4,1847
2020-08-07,21,5,1005,114,46,10,4,1863
2020-08-08,25,4,1785,261,128,6,5,1884
2020-08-09,17,4,1955,263,108,9,5,1897
2020-08-10,22,5,862,99,58,10,5,1914
2020-08-11,17,5,938,115,55,9,5,1926
2020-08-12,20,5,957,93,50,9,4,1941
2020-08-13,23,5,822,94,42,9,4,1959
2020-08-14,21,5,904,79,51,11,5,1975
2020-08-15,19,4,1614,272,117,10,5,1990
2020-08-16,20,5,2318,213,130,11,5,2005
2020-08-17,23,5,856,104,60,8,5,2023
2020-08-18,20,5,908,96,48,10,5,2038
2020-08-19,22,5,877,113,56,10,5,2055
2020-08-20,22,4,1010,102,56,10,4,2073
2020-08-21,20,5,650,93,58,9,5,2088
2020-08-22,27,5,2043,252,126,10,5,2110
2020-08-23,23,5,2029,207,96,11,6,2128
2020-08-24,17,5,871,99,53,8,5,2140
2020-08-25,22,5,1071,86,47,12,5,2157
2020-08-26,21,5,834,93,53,11,5,2173
2020-08-27,24,4,988,111,59,10,5,2193
2020-08-28,20,5,951,88,56,11,5,2208
2020-08-29,22,5,2333,211,137,9,4,2225
2020-08-30,24,5,1938,249,128,10,5,2244
2020-08-31,25,5,857,105,48,10,5,2264
2020-09-01,20,5,1027,134,41,12,5,2279
2020-09-02,22,6,968,133,56,11,5,2295
2020-09-03,22,5,786,103,54,11,5,2312
2020-09-04,21,4,881,119,50,10,6,2329
2020-09-05,27,6,2182,274,103,11,5,2350
2020-09-06,24,6,2283,240,117,13,5,2368
2020-09-07,20,4,874,97,55,12,5,2384
2020-09-08,25,6,666,115,61,11,5,2403
2020-09-09,28,5,992,113,58,12,5,2426
2020-09-10,26,5,829,111,67,12,5,2447
2020-09-11,20,5,756,121,51,12,4,2462
2020-09-12,22,5,1531,243,141,12,5,2479
2020-09-13,27,5,2317,234,130,12,7,2501
2020-09-14,22,5,967,119,62,11,6,2518
2020-09-15,25,5,935,123,56,12,5,2538
2020-09-16,26,5,1093,105,65,11,6,2559
2020-09-17,22,5,5119,130,305,50,30,2576
2020-09-18,24,5,1121,98,55,11,6,2595
2020-09-19,16,6,1874,254,132,11,5,2605
2020-09-20,22,6,2176,263,130,10,6,2621
2020-09-21,24,5,816,113,63,13,4,2640
2020-09-22,21,6,954,114,53,8,5,2655
2020-09-23,29,6,955,145,60,15,6,2678
2020-09-24,21,6,1044,112,63,14,6,2693
2020-09-25,24,6,990,153,61,11,5,2711
2020-09-26,25,6,2365,290,155,12,6,2730
2020-09-27,29,6,2391,281,148,12,5,2753
2020-09-28,21,5,1211,130,61,11,6,2769
2020-09-29,28,6,968,156,63,12,6,2791
2020-09-30,25,6,908,113,64,12,6,2810
2020-10-01,23,5,1032,111,65,12,5,2828
2020-10-02,27,6,929,116,51,12,5,2849
2020-10-03,26,6,2621,285,137,10,6,2869
2020-10-04,24,6,2225,236,119,12,6,2887
2020-10-05,26,7,964,128,71,12,5,2906
2020-10-06,25,7,977,149,63,12,7,2924
2020-10-07,26,5,1104,130,62,12,6,2945
2020-10-08,28,5,1017,125,69,14,6,2968
2020-10-09,30,6,972,121,67,12,5,2992
2020-10-10,23,6,2737,317,128,13,7,3009
2020-10-11,32,6,2155,267,144,14,4,3035
2020-10-12,21,7,1056,155,62,12,7,3049
2020-10-13,26,5,1125,156,53,13,7,3070
2020-10-14,28,7,888,135,60,12,6,3091
2020-10-15,27,6,1117,132,64,14,7,3112
2020-10-16,25,7,957,146,65,12,6,3130
2020-10-17,26,7,2619,330,126,14,6,3149
2020-10-18,26,6,2198,274,166,13,6,3169
2020-10-19,25,6,1161,127,65,12,8,3188
2020-10-20,29,7,1211,116,67,14,7,3210
2020-10-21,28,6,1190,140,69,13,7,3232
2020-10-22,25,6,1129,144,62,14,6,3251
2020-10-23,30,6,1081,117,70,9,6,3275
2020-10-24,28,5,2358,292,146,13,6,3298
2020-10-25,30,6,2886,265,137,12,7,3322
2020-10-26,29,6,1045,124,72,12,6,3345
2020-10-27,25,6,1011,145,78,12,6,3364
2020-10-28,26,7,1211,128,73,12,6,3383
2020-10-29,30,6,1050,134,75,13,6,3407
2020-10-30,30,7,1038,116,65,11,7,3430
2020-10-31,28,6,2220,319,130,14,6,3452
2020-11-01,29,6,2484,312,177,15,6,3475
2020-11-02,32,7,1156,130,84,14,7,3500
2020-11-03,27,7,1201,138,80,15,6,3520
2020-11-04,30,7,1290,143,67,15,6,3543
2020-11-05,28,7,1247,130,62,15,7,3564
2020-11-06,28,6,1169,121,63,16,7,3586
2020-11-07,32,6,2643,378,132,13,6,3612
2020-11-08,31,6,2850,301,157,13,7,3637
2020-11-09,31,6,1367,142,82,15,8,3662
2020-11-10,33,9,1234,158,70,15,7,3686
2020-11-11,29,8,1169,195,74,15,7,3707
2020-11-12,31,6,1110,127,82,17,7,3732
2020-11-13,28,6,1061,152,69,14,7,3754
2020-11-14,30,7,2996,303,195,15,7,3777
2020-11-15,29,7,2989,310,195,13,5,3799
2020-11-16,30,7,1335,136,72,17,6,3822
2020-11-17,31,7,1254,130,69,14,8,3846
2020-11-18,27,7,1458,147,78,14,6,3866
2020-11-19,36,7,1223,126,71,14,7,3895
2020-11-20,27,7,1417,162,65,13,7,3915
2020-11-21,26,5,2918,337,186,13,6,3936
2020-11-22,34,7,2767,348,186,14,7,3963
2020-11-23,33,6,1395,143,75,12,7,3990
2020-11-24,32,7,1380,145,65,13,9,4015
2020-11-25,32,9,1382,155,65,17,7,4038
2020-11-26,30,7,1353,133,76,16,8,4061
2020-11-27,28,7,1345,146,71,16,7,4082
2020-11-28,31,8,3788,312,164,16,7,4105
2020-11-29,29,7,3442,312,186,17,8,4127
2020-11-30,34,7,1475,120,81,12,8,4154
2020-12-01,30,8,1400,174,86,13,7,4176
2020-12-02,28,9,1534,143,69,14,7,4195
2020-12-03,30,6,1475,172,74,14,7,4219
2020-12-04,33,8,1415,171,82,14,7,4244
2020-12-05,29,7,3099,303,180,14,8,4266
2020-12-06,29,8,3190,312,200,15,7,4287
2020-12-07,32,7,982,196,81,15,7,4312
2020-12-08,32,7,1478,184,92,14,8,4337
2020-12-09,30,7,1386,156,82,12,8,4360
2020-12-10,30,8,1699,161,86,14,6,4382
2020-12-11,33,8,1478,148,76,14,8,4407
2020-12-12,27,6,2943,371,177,15,7,4428
2020-12-13,27,7,3346,330,193,14,7,4448
2020-12-14,30,7,1346,127,92,15,8,4471
2020-12-15,32,6,1585,138,85,14,8,4497
2020-12-16,33,7,1567,160,79,15,8,4523
2020-12-17,37,7,1679,142,91,14,8,4553
2020-12-18,35,9,1421,160,62,14,8,4579
2020-12-19,32,8,3506,324,155,14,9,4603
2020-12-20,33,6,3035,335,193,15,8,4630
2020-12-21,29,7,1682,176,81,14,7,4652
2020-12-22,33,8,1664,167,86,17,7,4677
2020-12-23,32,9,1670,163,81,16,9,4700
2020-12-24,34,6,1602,178,86,16,7,4728
2020-12-25,30,6,1679,172,75,15,7,4752
2020-12-26,35,9,4236,425,193,17,6,4778
2020-12-27,38,8,3568,353,202,17,8,4808
2020-12-28,33,7,1665,158,92,16,8,4834
2020-12-29,35,8,1473,144,99,19,7,4861
2020-12-30,36,6,1518,159,85,17,8,4891
2020-12-31,32,8,1690,183,85,18,7,4915
2021-01-01,35,8,1864,189,70,16,10,4942
2021-01-02,34,9,3702,414,177,17,7,4967
2021-01-03,34,7,3733,310,184,15,8,4994
2021-01-04,31,8,1639,187,93,16,7,5017
2021-01-05,34,7,1628,138,79,17,9,5044
2021-01-06,36,8,1781,185,91,17,8,5072
2021-01-07,39,7,1479,164,84,17,7,5104
2021-01-08,38,8,1975,183,83,18,9,5134
2021-01-09,42,7,3701,333,195,14,7,5169
2021-01-10,32,9,4274,432,184,15,9,5192
2021-01-11,38,9,1556,147,82,17,10,5221
2021-01-12,35,8,1913,161,71,15,9,5248
2021-01-13,43,8,1924,156,84,23,9,5283
2021-01-14,32,7,1884,143,82,18,9,5308
2021-01-15,32,8,1643,175,82,17,10,5332
2021-01-16,33,8,4233,463,202,16,9,5357
2021-01-17,28,11,3662,497,207,16,9,5374
2021-01-18,33,7,1809,177,89,17,9,5400
2021-01-19,33,10,2060,195,96,17,7,5423
2021-01-20,36,9,2028,180,92,16,9,5450
2021-01-21,37,9,1891,185,85,17,7,5478
2021-01-22,42,10,1714,171,84,20,8,5510
2021-01-23,39,9,4574,407,204,20,6,5540
2021-01-24,34,9,4330,420,209,18,9,5565
2021-01-25,33,8,1483,168,101,15,8,5590
2021-01-26,38,10,2094,177,99,18,9,5618
2021-01-27,31,9,1947,178,84,20,9,5640
2021-01-28,43,8,2198,195,88,20,9,5675
2021-01-29,41,7,1757,161,95,19,8,5709
2021-01-30,35,8,3044,405,222,20,9,5736
2021-01-31,30,8,4613,486,220,18,10,5758
2021-02-01,42,9,2063,203,90,19,9,5791
2021-02-02,36,10,1674,207,79,16,9,5817
2021-02-03,41,8,1827,183,81,18,9,5850
2021-02-04,31,9,2597,189,93,20,8,5872
2021-02-05,35,9,1983,202,94,17,9,5898
2021-02-06,37,9,24824,479,911,80,35,5926
2021-02-07,37,7,4347,333,207,18,8,5956
2021-02-08,35,8,1642,160,98,18,7,5983
2021-02-09,40,9,2052,209,81,19,8,6014
2021-02-10,33,10,2041,180,102,17,9,6037
2021-02-11,37,8,2023,174,89,21,9,6066
2021-02-12,38,7,2092,163,104,16,9,6097
2021-02-13,40,9,4912,398,198,21,9,6128
2021-02-14,40,8,4737,362,186,17,7,6160
2021-02-15,34,8,1875,227,89,15,9,6186
2021-02-16,32,8,2261,188,93,19,8,6210
2021-02-17,43,9,1744,188,90,18,8,6244
2021-02-18,39,8,1729,200,92,16,10,6275
2021-02-19,35,7,2347,208,97,15,8,6303
2021-02-20,44,10,5190,468,209,18,8,6337
2021-02-21,39,10,4932,474,211,20,7,6366
2021-02-22,43,10,1905,179,79,20,9,6399
2021-02-23,39,8,2066,186,99,19,8,6430
2021-02-24,47,9,2174,207,94,20,9,6468
2021-02-25,46,9,1884,182,111,19,8,6505
2021-02-26,38,10,2085,193,87,16,9,6533
2021-02-27,43,10,5418,452,177,16,9,6566
2021-02-28,42,8,5834,470,229,18,11,6600
2021-03-01,45,9,2183,160,100,19,10,6636
2021-03-02,35,10,2460,209,87,21,7,6661
2021-03-03,42,11,1856,191,82,20,8,6692
2021-03-04,44,10,2456,210,112,20,9,6726
2021-03-05,32,10,2126,211,111,19,8,6748
2021-03-06,35,9,5384,513,164,16,6,6774
2021-03-07,31,11,5113,504,209,20,11,6794
2021-03-08,39,10,2647,224,114,20,10,6823
2021-03-09,43,9,2140,227,94,15,10,6857
2021-03-10,46,11,2502,204,94,18,9,6892
2021-03-11,40,10,2296,199,96,18,10,6922
2021-03-12,47,9,2333,217,88,20,9,6960
2021-03-13,35,9,5252,481,184,18,10,6986
2021-03-14,33,10,4914,436,247,19,9,7009
2021-03-15,40,10,2389,209,81,19,11,7039
2021-03-16,42,10,2386,200,102,19,8,7071
2021-03-17,40,10,2466,184,109,18,11,7101
2021-03-18,32,11,2436,228,86,18,10,7122
2021-03-19,40,11,2616,204,91,18,9,7151
2021-03-20,35,10,5973,551,254,21,10,7176
2021-03-21,44,11,4906,382,238,21,10,7209
2021-03-22,43,9,2656,192,95,18,11,7243
2021-03-23,37,10,2160,205,114,23,10,7270
2021-03-24,39,12,2602,228,114,19,9,7297
2021-03-25,37,10,2616,213,105,23,10,7324
2021-03-26,41,9,1997,212,93,19,12,7356
2021-03-27,45,9,5624,411,220,16,11,7392
2021-03-28,37,9,5323,411,238,21,11,7420
2021-03-29,44,9,2300,214,101,21,11,7455
2021-03-30,39,9,2832,179,113,20,11,7485
2021-03-31,38,8,2337,197,87,19,11,7515
2021-04-01,41,10,2303,219,88,20,9,7546
2021-04-02,38,11,2530,188,106,19,9,7573
2021-04-03,40,9,6053,546,222,20,10,7604
2021-04-04,37,12,5596,531,220,22,9,7629
2021-04-05,51,11,2823,177,86,21,9,7669
2021-04-06,43,11,2667,191,105,22,9,7701
2021-04-07,39,9,1984,163,104,20,13,7731
2021-04-08,43,11,2407,195,112,20,10,7763
2021-04-09,42,9,2404,228,106,18,10,7796
2021-04-10,42,11,6017,459,234,20,9,7827
2021-04-11,45,10,4241,501,265,14,8,7862
2021-04-12,46,11,3213,181,92,20,9,7897
2021-04-13,41,9,2700,231,112,21,12,7929
2021-04-14,41,9,2607,202,89,22,11,7961
2021-04-15,42,11,2876,215,98,20,11,7992
2021-04-16,33,9,3180,213,94,22,11,8016
2021-04-17,37,11,6311,423,261,16,10,8042
2021-04-18,49,9,6365,429,240,21,12,8082
2021-04-19,51,11,2620,238,108,18,10,8122
2021-04-20,43,9,2552,226,96,19,12,8156
2021-04-21,46,11,2469,240,105,21,11,8191
2021-04-22,45,11,2381,225,100,24,8,8225
2021-04-23,58,10,2421,222,113,22,10,8273
2021-04-24,49,11,5062,407,220,21,8,8311
2021-04-25,44,11,5814,479,279,21,12,8344
2021-04-26,40,10,2167,219,91,20,10,8374
2021-04-27,37,9,2658,263,101,20,8,8402
2021-04-28,45,8,2602,236,128,22,11,8439
2021-04-29,41,11,2651,255,105,19,10,8469
2021-04-30,38,9,2478,235,96,23,9,8498
2021-05-01,42,11,7699,463,254,21,12,8529
2021-05-02,40,10,6692,506,236,24,11,8559
2021-05-03,52,11,2293,228,102,24,10,8600
2021-05-04,49,10,2682,202,99,18,10,8639
2021-05-05,45,10,2463,215,142,21,9,8674
2021-05-06,52,12,2357,220,109,20,9,8714
2021-05-07,46,11,2273,261,90,18,12,8749
2021-05-08,41,11,6164,400,290,20,10,8779
2021-05-09,52,11,5508,569,267,28,11,8820
2021-05-10,48,9,2881,205,104,23,8,8859
2021-05-11,41,12,2889,195,102,26,9,8888
2021-05-12,45,12,2989,254,121,24,12,8921
2021-05-13,42,10,2404,244,110,21,11,8953
2021-05-14,39,11,2753,257,91,21,13,8981
2021-05-15,50,11,6288,555,301,24,12,9020
2021-05-16,55,11,5633,621,245,23,11,9064
2021-05-17,40,11,2425,242,131,21,11,9093
2021-05-18,49,13,3051,226,129,19,11,9129
2021-05-19,43,12,2687,238,103,30,13,9160
2021-05-20,44,10,2793,260,127,22,12,9194
2021-05-21,44,12,2410,213,107,22,11,9226
2021-05-22,42,13,5186,488,211,23,11,9255
2021-05-23,47,12,5567,506,249,22,13,9290
2021-05-24,43,12,2590,184,120,23,12,9321
2021-05-25,48,13,2342,236,110,26,13,9356
2021-05-26,47,12,2618,189,113,23,9,9391
2021-05-27,46,11,2177,235,130,20,12,9426
2021-05-28,43,12,2324,255,118,23,11,9457
2021-05-29,44,11,6282,504,240,22,13,9490
2021-05-30,51,11,6238,618,281,26,13,9530
2021-05-31,50,11,2510,201,120,26,11,9569
2021-06-01,43,13,2345,264,88,23,13,9599
2021-06-02,48,10,2341,253,123,20,13,9637
2021-06-03,51,13,2509,196,123,20,11,9675
2021-06-04,40,12,2772,302,118,23,14,9703
2021-06-05,50,10,6398,533,290,24,11,9743
2021-06-06,45,12,5559,490,249,22,11,9776
2021-06-07,51,9,2298,205,123,22,12,9818
2021-06-08,44,12,2664,234,100,22,11,9850
2021-06-09,39,13,2378,237,124,23,12,9876
2021-06-10,40,11,2455,243,143,18,13,9905
2021-06-11,49,12,2929,234,108,21,12,9942
2021-06-12,50,14,6295,578,249,22,10,9978
2021-06-13,44,11,5899,522,252,27,12,10011
2021-06-14,52,10,2249,195,122,22,11,10053
2021-06-15,41,13,2629,239,108,24,13,10081
2021-06-16,48,14,2844,185,126,24,12,10115
2021-06-17,43,12,2471,252,131,27,13,10146
2021-06-18,46,13,2912,220,128,27,13,10179
2021-06-19,49,13,6510,558,225,24,13,10215
2021-06-20,45,11,6714,623,301,23,11,10249
2021-06-21,47,11,2632,222,134,22,13,10285
2021-06-22,54,13,2700,272,132,23,14,10326
2021-06-23,47,14,2907,236,127,23,11,10359
2021-06-24,54,13,2657,290,125,26,14,10400
2021-06-25,44,11,2412,238,136,25,11,10433
2021-06-26,52,14,5449,510,330,26,11,10471
2021-06-27,57,11,5834,596,252,27,12,10517
2021-06-28,37,11,2202,238,137,29,13,10543
2021-06-29,46,12,2488,228,123,25,13,10577
2021-06-30,53,14,2796,238,122,27,11,10616
2021-07-01,49,13,1965,249,105,24,13,10652
2021-07-02,52,13,2897,284,121,27,11,10691
2021-07-03,47,13,6277,454,252,27,10,10725
2021-07-04,51,12,5376,567,267,27,11,10764
2021-07-05,50,13,2636,267,111,25,11,10801
2021-07-06,57,9,2496,257,120,23,13,10849
2021-07-07,52,12,2798,286,121,21,14,10889
2021-07-08,53,12,2732,251,127,25,10,10930
2021-07-09,49,11,2135,249,106,29,13,10968
2021-07-10,48,13,5905,605,243,24,11,11003
2021-07-11,49,12,5454,578,294,27,13,11040
2021-07-12,53,14,2491,245,117,27,11,11079
2021-07-13,49,14,2286,269,141,24,11,11114
2021-07-14,53,12,2892,239,130,28,13,11155
2021-07-15,62,12,2712,241,135,18,12,11205
2021-07-16,56,12,2272,243,146,22,12,11249
2021-07-17,50,12,4776,657,279,23,9,11287
2021-07-18,58,13,5290,393,272,23,14,11332
2021-07-19,50,11,2546,268,140,26,13,11371
2021-07-20,41,11,2494,259,135,26,12,11401
2021-07-21,47,13,2737,215,126,26,10,11435
2021-07-22,42,13,2620,268,147,27,14,11464
2021-07-23,50,11,2658,272,127,23,12,11503
2021-07-24,52,14,5622,621,292,22,12,11541
2021-07-25,61,12,4680,432,292,27,16,11590
2021-07-26,54,13,2364,297,118,24,12,11631
2021-07-27,51,14,2662,242,131,22,14,11668
2021-07-28,57,13,2390,280,149,28,13,11712
2021-07-29,41,13,2520,282,137,29,13,11740
2021-07-30,54,12,2319,240,131,30,13,11782
2021-07-31,57,12,4825,632,290,26,13,11827
2021-08-01,45,12,5305,571,306,28,13,11860
2021-08-02,59,12,2457,210,142,30,13,11907
2021-08-03,55,13,2224,296,140,24,15,11949
2021-08-04,51,11,2320,245,128,29,11,11989
2021-08-05,57,12,2149,243,137,27,14,12034
2021-08-06,66,12,2634,256,139,29,14,12088
2021-08-07,55,12,5166,616,267,27,14,12131
2021-08-08,55,13,6087,598,303,30,14,12173
2021-08-09,51,13,2719,282,104,27,13,12211
2021-08-10,49,14,2336,232,140,22,10,12246
2021-08-11,58,14,2114,249,143,30,13,12290
2021-08-12,49,12,1859,266,144,24,12,12327
2021-08-13,54,11,2000,321,129,30,12,12370
2021-08-14,52,12,4547,600,312,26,11,12410
2021-08-15,57,12,5990,675,346,30,12,12455
2021-08-16,56,13,2364,272,154,30,12,12498
2021-08-17,60,12,2425,258,135,28,10,12546
2021-08-18,52,11,1813,265,137,28,14,12587
2021-08-19,53,12,2049,268,151,28,16,12628
2021-08-20,49,13,2533,289,115,21,14,12664
2021-08-21,52,14,5380,699,297,27,13,12702
2021-08-22,57,12,5146,636,346,24,13,12747
2021-08-23,59,13,2450,307,150,27,13,12793
2021-08-24,50,12,2697,248,142,24,13,12831
2021-08-25,60,13,2264,264,116,24,13,12878
2021-08-26,63,12,2329,255,136,31,12,12929
2021-08-27,58,14,2356,285,129,30,16,12973
2021-08-28,66,11,6442,598,319,27,11,13028
2021-08-29,51,13,4103,668,285,28,14,13066
2021-08-30,49,14,2465,251,124,27,13,13101
2021-08-31,46,14,2280,279,110,29,16,13133
2021-09-01,64,17,2435,297,155,25,14,13180
2021-09-02,60,14,2152,221,133,30,13,13226
2021-09-03,56,12,2292,338,141,27,13,13270
2021-09-04,58,13,5549,612,312,26,14,13315
2021-09-05,50,11,6792,501,279,28,12,13354
2021-09-06,70,13,2487,285,122,26,12,13411
2021-09-07,57,12,2106,282,126,28,11,13456
2021-09-08,57,15,2203,279,130,26,12,13498
2021-09-09,61,13,2196,310,145,29,14,13546
2021-09-10,59,13,1888,303,129,31,14,13592
2021-09-11,58,13,5006,654,371,26,11,13637
2021-09-12,52,16,5557,666,351,27,13,13673
2021-09-13,60,13,2008,281,153,29,14,13720
2021-09-14,68,16,2544,335,140,27,13,13772
2021-09-15,65,15,2415,242,163,29,13,13822
2021-09-16,66,14,2135,289,139,30,13,13874
2021-09-17,54,14,2273,287,142,31,13,13914
2021-09-18,52,14,6021,695,326,26,13,13952
2021-09-19,57,11,5575,589,344,25,14,13998
2021-09-20,58,13,2311,237,152,27,17,14043
2021-09-21,64,15,2256,292,136,25,13,14092
2021-09-22,48,14,2331,296,136,30,13,14126
2021-09-23,67,12,2197,331,153,25,14,14181
2021-09-24,57,14,1830,252,154,35,13,14224
2021-09-25,55,16,6287,726,310,32,16,14263
2021-09-26,52,16,5307,805,272,28,11,14299
2021-09-27,48,14,2418,279,141,31,13,14333
2021-09-28,63,15,2315,253,154,24,15,14381
2021-09-29,59,14,2160,279,171,36,14,14426
2021-09-30,51,12,2291,292,128,27,13,14465
2021-10-01,51,13,1964,308,139,28,15,14503
2021-10-02,57,16,6469,618,315,23,15,14544
2021-10-03,69,14,4626,760,373,30,14,14599
2021-10-04,57,14,2107,260,145,26,13,14642
2021-10-05,50,14,2250,243,133,29,15,14678
2021-10-06,58,17,2661,327,155,27,14,14719
2021-10-07,57,17,2366,227,141,26,15,14759
2021-10-08,43,18,2074,289,129,27,16,14784
2021-10-09,59,14,6007,873,301,30,10,14829
2021-10-10,58,15,5740,666,389,25,14,14872
2021-10-11,64,12,2511,263,153,27,12,14924
2021-10-12,71,17,2558,295,149,31,18,14978
2021-10-13,66,13,2966,296,144,37,14,15031
2021-10-14,58,15,2923,303,153,31,15,15074
2021-10-15,53,13,2240,318,153,27,14,15114
2021-10-16,75,14,6305,603,344,28,13,15175
2021-10-17,60,13,5647,787,339,29,13,15222
2021-10-18,60,14,2544,307,162,28,17,15268
2021-10-19,60,14,2018,322,150,32,16,15314
2021-10-20,61,14,2395,282,135,30,17,15361
2021-10-21,59,16,2245,340,141,32,15,15404
2021-10-22,57,13,2654,294,120,29,15,15448
2021-10-23,57,15,6124,697,407,34,14,15490
2021-10-24,60,16,4398,616,369,29,14,15534
2021-10-25,57,14,2468,273,138,27,13,15577
2021-10-26,56,14,2760,324,147,36,15,15619
2021-10-27,62,14,2443,290,142,24,13,15667
2021-10-28,59,16,2680,278,175,28,15,15710
2021-10-29,70,15,2594,285,130,28,15,15765
2021-10-30,45,14,5852,733,346,38,15,15796
2021-10-31,68,16,5524,643,339,36,17,15848
2021-11-01,69,13,2224,302,165,35,15,15904
2021-11-02,49,16,2256,307,151,29,16,15937
2021-11-03,59,15,2732,248,126,38,18,15981
2021-11-04,59,14,2565,262,149,31,17,16026
2021-11-05,53,14,2534,318,138,33,17,16065
2021-11-06,57,14,5558,643,348,31,14,16108
2021-11-07,55,16,5648,767,396,30,15,16147
2021-11-08,73,17,2872,339,127,30,13,16203
2021-11-09,68,14,2522,332,142,30,16,16257
2021-11-10,70,16,2269,367,146,32,15,16311
2021-11-11,67,12,2826,308,149,32,15,16366
2021-11-12,55,14,2588,331,166,30,17,16407
2021-11-13,59,15,5988,659,342,35,13,16451
2021-11-14,66,14,6958,875,364,21,18,16503
2021-11-15,55,14,2670,374,146,32,17,16544
2021-11-16,67,14,2764,313,159,33,15,16597
2021-11-17,61,16,2379,325,168,34,15,16642
2021-11-18,61,15,2650,356,145,31,16,16688
2021-11-19,68,12,2887,310,169,32,18,16744
2021-11-20,66,12,5194,661,355,34,15,16798
2021-11-21,61,14,6303,771,389,36,15,16845
2021-11-22,71,16,2786,318,154,30,15,16900
2021-11-23,56,11,2782,322,163,32,18,16945
2021-11-24,67,15,3072,290,157,36,15,16997
2021-11-25,67,15,2889,262,156,24,15,17049
2021-11-26,62,18,3224,325,162,29,18,17093
2021-11-27,66,15,5719,780,375,36,16,17144
2021-11-28,56,16,6466,699,312,35,17,17184
2021-11-29,70,16,2872,365,182,33,14,17238
2021-11-30,63,12,2556,297,129,30,15,17289
2021-12-01,61,17,3150,286,148,29,18,17333
2021-12-02,71,16,3560,318,158,30,14,17388
2021-12-03,60,16,2898,318,166,37,15,17432
2021-12-04,55,22,6893,778,416,30,16,17465
2021-12-05,54,12,6650,668,292,32,14,17507
2021-12-06,68,18,2734,366,152,29,15,17557
2021-12-07,56,15,2420,386,126,34,16,17598
2021-12-08,76,16,2763,322,161,30,16,17658
2021-12-09,51,16,2572,364,165,31,18,17693
2021-12-10,76,15,3514,290,187,26,18,17754
2021-12-11,66,15,6709,807,366,27,14,17805
2021-12-12,64,16,6585,807,402,32,16,17853
2021-12-13,62,13,3317,353,171,28,17,17902
2021-12-14,68,17,2718,325,155,39,18,17953
2021-12-15,65,15,2841,230,139,25,17,18003
2021-12-16,73,14,3112,306,167,30,16,18062
2021-12-17,66,15,3426,306,139,32,17,18113
2021-12-18,67,18,7376,663,414,31,17,18162
2021-12-19,63,15,7235,747,362,29,14,18210
2021-12-20,65,16,3178,315,183,29,16,18259
2021-12-21,68,15,3295,302,156,29,18,18312
2021-12-22,55,17,3247,294,168,31,16,18350
2021-12-23,57,17,2869,306,168,39,16,18390
2021-12-24,71,19,3229,367,164,33,16,18442
2021-12-25,67,16,6488,695,355,36,12,18493
2021-12-26,65,17,7364,706,384,34,16,18541
2021-12-27,67,16,3105,316,150,36,17,18592
2021-12-28,69,18,4111,343,145,23,15,18643
2021-12-29,63,15,3281,348,186,32,14,18691
2021-12-30,61,17,2845,231,178,37,15,18735
2021-12-31,68,16,3281,367,167,31,17,18787
2022-01-01,60,16,7911,859,436,39,19,18831
2022-01-02,70,16,8821,672,364,38,19,18885
2022-01-03,56,17,3175,302,189,31,14,18924
2022-01-04,74,16,2854,320,170,31,18,18982
2022-01-05,70,17,3685,310,150,30,15,19035
2022-01-06,69,19,2950,344,198,31,15,19085
2022-01-07,74,18,3289,271,184,29,16,19141
2022-01-08,79,18,7575,672,373,35,18,19202
2022-01-09,75,16,7756,875,405,28,18,19261
2022-01-10,55,15,3728,306,162,35,16,19301
2022-01-11,59,18,3264,380,183,35,16,19342
2022-01-12,64,18,3424,351,128,28,17,19388
2022-01-13,68,19,3531,278,152,39,17,19437
2022-01-14,72,15,3606,361,186,35,18,19494
2022-01-15,63,16,8109,756,371,36,14,19541
2022-01-16,70,14,8419,731,389,31,17,19597
2022-01-17,63,16,3905,349,147,36,15,19644
2022-01-18,64,18,3759,358,202,37,16,19690
2022-01-19,59,16,3798,366,191,33,16,19733
2022-01-20,62,18,3072,383,167,41,17,19777
2022-01-21,59,16,3683,357,164,34,15,19820
2022-01-22,62,17,8680,666,425,38,14,19865
2022-01-23,76,15,8926,738,461,35,13,19926
2022-01-24,62,17,3456,446,188,36,16,19971
2022-01-25,87,12,3482,370,209,28,16,20046
2022-01-26,73,16,3529,427,156,35,16,20103
2022-01-27,71,14,3962,394,158,32,19,20160
2022-01-28,63,19,4166,354,152,31,15,20204
2022-01-29,74,18,8184,803,405,40,19,20260
2022-01-30,65,18,9343,778,396,33,20,20307
2022-01-31,70,20,3869,287,171,31,13,20357
2022-02-01,88,15,3791,349,187,33,17,20430
2022-02-02,69,20,3772,391,195,30,16,20479
2022-02-03,78,19,4157,328,147,39,12,20538
2022-02-04,65,17,4009,364,164,32,14,20586
2022-02-05,70,19,10769,855,425,36,18,20637
2022-02-06,83,15,8056,715,373,39,21,20705
2022-02-07,66,16,4132,335,161,33,19,20755
2022-02-08,83,16,3735,315,193,36,18,20822
2022-02-09,75,16,3613,323,153,31,17,20881
2022-02-10,67,15,3968,307,170,43,20,20933
2022-02-11,75,19,4042,321,181,38,21,20989
2022-02-12,78,17,11630,906,373,34,16,21050
2022-02-13,75,18,8868,722,427,32,14,21107
2022-02-14,60,16,3574,358,166,34,13,21151
2022-02-15,66,14,4154,336,202,34,20,21203
2022-02-16,69,18,3215,397,175,42,17,21254
2022-02-17,71,14,4034,402,189,31,18,21311
2022-02-18,76,17,4091,386,191,36,14,21370
2022-02-19,73,15,9954,825,373,35,16,21428
2022-02-20,62,21,10152,783,317,35,17,21469
2022-02-21,74,19,19587,314,920,175,90,21524
2022-02-22,76,18,4076,427,179,35,17,21582
2022-02-23,76,20,3833,331,188,38,16,21638
2022-02-24,80,16,3694,382,175,38,16,21702
2022-02-25,78,18,4306,397,171,37,20,21762
2022-02-26,75,18,8225,762,483,25,18,21819
2022-02-27,72,18,9060,893,344,37,19,21873
2022-02-28,60,20,3794,388,193,30,16,21913
2022-03-01,75,19,4457,423,169,38,12,21969
2022-03-02,74,18,5001,344,174,41,17,22025
2022-03-03,74,15,3695,315,175,32,16,22084
2022-03-04,63,16,3470,344,166,35,18,22131
2022-03-05,65,17,9489,832,429,34,24,22179
2022-03-06,80,18,9651,821,463,40,19,22241
2022-03-07,73,16,4386,349,190,36,23,22298
2022-03-08,78,22,4112,294,183,42,19,22354
2022-03-09,73,20,4228,382,164,37,17,22407
2022-03-10,73,19,4484,437,191,37,18,22461
2022-03-11,80,18,4787,382,221,36,21,22523
2022-03-12,69,17,7866,873,393,39,21,22575
2022-03-13,74,16,9438,870,396,30,17,22633
2022-03-14,70,18,4458,381,172,36,18,22685
2022-03-15,70,18,3972,401,174,36,15,22737
2022-03-16,71,16,5142,382,133,39,19,22792
2022-03-17,75,19,4113,356,191,36,21,22848
2022-03-18,70,18,4383,339,168,33,18,22900
2022-03-19,83,14,10474,810,346,36,17,22969
2022-03-20,67,16,9352,857,445,32,19,23020
2022-03-21,73,17,3609,358,164,29,19,23076
2022-03-22,71,22,4244,382,178,39,18,23125
2022-03-23,85,19,4900,387,212,39,18,23191
2022-03-24,76,16,4300,402,159,38,18,23251
2022-03-25,82,19,4080,419,157,41,20,23314
2022-03-26,63,15,10974,843,427,34,19,23362
2022-03-27,77,20,9729,729,465,31,16,23419
2022-03-28,81,17,4249,360,157,37,16,23483
2022-03-29,75,18,4551,375,194,36,18,23540
2022-03-30,83,21,4837,305,197,34,20,23602
2022-03-31,71,16,5568,426,148,37,18,23657
2022-04-01,86,16,4875,380,202,35,17,23727
2022-04-02,93,17,11321,877,459,30,19,23803
2022-04-03,73,20,9644,960,407,35,18,23856
2022-04-04,72,15,4055,352,211,33,20,23913
2022-04-05,86,13,4553,398,209,38,19,23986
2022-04-06,88,17,4577,373,190,35,18,24057
2022-04-07,72,19,4044,371,180,41,19,24110
2022-04-08,73,21,4457,349,170,43,21,24162
2022-04-09,74,18,10628,994,423,40,17,24218
2022-04-10,66,18,10597,821,450,32,19,24266
2022-04-11,69,21,4778,406,183,43,18,24314
2022-04-12,68,15,4685,309,148,43,19,24367
2022-04-13,70,18,4325,425,214,38,17,24419
2022-04-14,76,19,4324,421,193,43,19,24476
2022-04-15,78,19,4014,385,183,36,21,24535
2022-04-16,88,18,12101,839,465,31,17,24605
2022-04-17,69,19,10288,893,495,35,16,24655
2022-04-18,84,14,4465,470,137,44,16,24725
2022-04-19,75,17,4146,315,199,32,16,24783
2022-04-20,76,20,5914,414,164,38,20,24839
2022-04-21,82,17,4081,349,201,38,16,24904
2022-04-22,68,19,4378,384,194,36,18,24953
2022-04-23,80,20,10721,843,459,36,20,25013
2022-04-24,78,18,10912,830,409,38,20,25073
2022-04-25,81,19,5014,385,156,36,18,25135
2022-04-26,80,17,5403,342,184,33,19,25198
2022-04-27,97,18,4807,427,201,39,19,25277
2022-04-28,73,20,4093,318,213,42,18,25330
2022-04-29,73,19,4458,409,171,42,18,25384
2022-04-30,73,18,10611,843,479,35,23,25439
2022-05-01,73,19,12420,771,407,33,20,25493
2022-05-02,73,20,3934,397,201,37,24,25546
2022-05-03,87,15,5122,329,184,45,18,25618
2022-05-04,89,21,4653,391,198,41,19,25686
2022-05-05,74,18,4950,335,212,41,16,25742
2022-05-06,72,20,4520,409,171,42,17,25794
2022-05-07,82,21,9404,798,409,40,23,25855
2022-05-08,74,16,11035,841,447,39,18,25913
2022-05-09,84,18,4857,404,243,41,23,25979
2022-05-10,80,19,4999,362,179,37,17,26040
2022-05-11,67,18,4547,391,236,33,17,26089
2022-05-12,91,23,4276,334,236,42,19,26157
2022-05-13,93,18,3837,419,195,44,19,26232
2022-05-14,74,18,11061,1044,429,35,21,26288
2022-05-15,76,20,10646,1136,411,42,20,26344
2022-05-16,81,17,4097,399,196,46,18,26408
2022-05-17,82,19,4287,427,170,39,19,26471
2022-05-18,85,20,4315,326,196,36,19,26536
2022-05-19,95,19,3852,456,227,40,18,26612
2022-05-20,78,19,4148,428,186,37,18,26671
2022-05-21,73,18,9001,850,434,37,21,26726
2022-05-22,69,16,9723,1005,371,41,16,26779
2022-05-23,74,20,4169,388,206,33,23,26833
2022-05-24,80,23,3765,381,204,34,19,26890
2022-05-25,94,20,5399,418,200,40,18,26964
2022-05-26,76,20,5047,357,195,39,21,27020
2022-05-27,82,21,4130,441,194,41,22,27081
2022-05-28,80,17,10338,805,472,47,22,27144
2022-05-29,90,23,10470,807,450,40,21,27211
2022-05-30,101,20,4991,365,207,42,22,27292
2022-05-31,76,23,4089,433,205,36,16,27345
2022-06-01,77,18,4932,378,223,43,19,27404
2022-06-02,89,23,4196,349,215,38,18,27470
2022-06-03,86,21,3840,379,205,40,22,27535
2022-06-04,96,21,10680,906,522,39,19,27610
2022-06-05,86,20,11224,803,472,44,21,27676
2022-06-06,78,19,5552,358,228,35,21,27735
2022-06-07,86,22,3874,491,214,31,18,27799
2022-06-08,90,20,4702,371,165,39,19,27869
2022-06-09,88,16,4208,393,229,42,22,27941
2022-06-10,86,18,4722,392,206,41,18,28009
2022-06-11,90,19,8389,877,454,45,20,28080
2022-06-12,91,21,8578,974,470,42,18,28150
2022-06-13,93,20,4017,447,196,38,19,28223
2022-06-14,87,22,4381,396,208,31,20,28288
2022-06-15,81,16,4059,358,192,39,18,28353
2022-06-16,83,20,4614,462,230,45,18,28416
2022-06-17,92,16,4763,406,202,39,21,28492
2022-06-18,75,22,10282,1084,443,41,18,28545
2022-06-19,85,20,11248,715,418,42,18,28610
2022-06-20,79,21,4472,419,211,36,18,28668
2022-06-21,83,18,3763,491,209,43,20,28733
2022-06-22,93,23,4857,398,214,47,22,28803
2022-06-23,84,22,4007,403,185,40,23,28865
2022-06-24,83,21,4643,425,173,36,19,28927
2022-06-25,71,20,11059,877,492,41,25,28978
2022-06-26,89,21,9969,902,533,32,18,29046
2022-06-27,88,19,3595,400,185,42,22,29115
2022-06-28,101,22,3831,389,240,43,19,29194
2022-06-29,81,24,4765,467,213,48,18,29251
2022-06-30,85,23,4128,435,207,40,19,29313
2022-07-01,85,19,4222,427,199,43,20,29379
2022-07-02,97,21,10117,1014,402,38,22,29455
2022-07-03,83,18,10035,913,515,40,22,29520
2022-07-04,86,22,4275,385,192,35,18,29584
2022-07-05,89,21,4063,393,192,40,18,29652
2022-07-06,85,17,4011,419,230,40,19,29720
2022-07-07,80,18,4484,375,170,43,20,29782
2022-07-08,86,20,4348,399,177,39,20,29848
2022-07-09,93,20,9010,895,470,42,19,29921
2022-07-10,75,18,10223,1147,486,40,21,29978
2022-07-11,85,21,4037,304,220,40,25,30042
2022-07-12,78,21,3733,414,204,42,20,30099
2022-07-13,95,20,3761,495,264,42,20,30174
2022-07-14,72,19,3663,427,206,45,22,30227
2022-07-15,80,23,3940,455,206,41,19,30284
2022-07-16,88,24,10214,960,436,40,22,30348
2022-07-17,98,20,8339,888,481,41,19,30426
2022-07-18,84,19,4096,329,225,39,25,30491
2022-07-19,80,22,3748,433,237,40,21,30549
2022-07-20,101,20,3898,392,180,51,19,30630
2022-07-21,73,20,3389,391,207,38,20,30683
2022-07-22,66,22,3895,405,222,41,20,30727
2022-07-23,89,17,8765,1127,506,40,24,30799
2022-07-24,81,24,9400,1192,479,41,18,30856
2022-07-25,77,21,4042,437,225,41,19,30912
2022-07-26,92,20,3472,408,196,43,20,30984
2022-07-27,88,21,4362,378,247,35,21,31051
2022-07-28,81,21,4008,449,235,47,20,31111
2022-07-29,75,17,3995,506,185,45,18,31169
2022-07-30,94,24,8784,942,429,37,20,31239
2022-07-31,92,21,8319,738,432,33,21,31310
2022-08-01,85,22,3974,459,229,38,20,31373
2022-08-02,102,23,4065,473,187,42,23,31452
2022-08-03,77,19,3196,363,208,54,23,31510
2022-08-04,73,22,3655,439,225,45,21,31561
2022-08-05,80,21,3757,452,214,35,22,31620
2022-08-06,86,23,8877,967,497,40,16,31683
2022-08-07,89,17,9668,897,434,43,20,31755
2022-08-08,85,21,3535,478,229,44,23,31819
2022-08-09,90,20,3632,417,203,37,20,31889
2022-08-10,76,22,3619,370,210,42,20,31943
2022-08-11,100,22,3502,346,222,40,26,32021
2022-08-12,86,20,3667,490,219,38,25,32087
2022-08-13,97,20,9189,1041,490,44,22,32164
2022-08-14,90,21,7618,990,452,47,24,32233
2022-08-15,91,19,3939,418,211,47,16,32305
2022-08-16,93,23,3128,414,218,46,20,32375
2022-08-17,92,21,3552,391,188,41,20,32446
2022-08-18,93,15,3633,419,208,46,21,32524
2022-08-19,100,21,4378,346,227,45,20,32603
2022-08-20,90,19,8192,915,429,44,16,32674
2022-08-21,94,18,6559,958,551,41,22,32750
2022-08-22,87,19,2985,467,247,41,23,32818
2022-08-23,101,22,3738,439,192,44,25,32897
2022-08-24,82,24,3948,476,250,54,20,32955
2022-08-25,104,22,3854,501,217,45,20,33037
2022-08-26,88,20,3771,489,230,41,16,33105
2022-08-27,76,23,9303,1041,472,40,21,33158
2022-08-28,90,21,7875,996,542,42,24,33227
2022-08-29,83,20,4025,400,230,53,20,33290
2022-08-30,96,19,3087,477,203,42,26,33367
2022-08-31,83,18,3353,519,196,48,21,33432
2022-09-01,85,21,3016,460,189,42,22,33496
2022-09-02,72,22,3577,530,226,45,19,33546
2022-09-03,85,22,8229,848,528,48,22,33609
2022-09-04,67,21,8354,886,533,42,17,33655
2022-09-05,75,20,3690,485,220,41,23,33710
2022-09-06,96,23,3324,459,197,52,23,33783
2022-09-07,97,19,3592,506,208,49,25,33861
2022-09-08,93,24,3111,447,249,48,20,33930
2022-09-09,81,20,4156,409,213,48,22,33991
2022-09-10,89,20,7974,987,510,46,23,34060
2022-09-11,90,19,7818,855,450,53,23,34131
2022-09-12,79,21,4232,399,232,45,20,34189
2022-09-13,104,24,3197,494,214,47,17,34269
2022-09-14,98,23,3238,490,248,38,23,34344
2022-09-15,88,24,3248,467,242,41,22,34408
2022-09-16,91,23,3623,374,214,39,21,34476
2022-09-17,92,20,8562,981,501,50,24,34548
2022-09-18,72,21,8814,893,479,33,22,34599
2022-09-19,88,20,4585,506,194,43,19,34667
2022-09-20,84,25,2827,427,207,31,18,34726
2022-09-21,82,19,3870,404,231,41,20,34789
2022-09-22,88,24,3446,456,234,43,28,34853
2022-09-23,107,24,3436,425,230,51,24,34936
2022-09-24,97,26,7708,1176,495,47,23,35007
2022-09-25,86,21,7475,949,560,41,22,35072
2022-09-26,96,24,4271,392,229,50,22,35144
2022-09-27,104,28,3966,358,244,45,25,35220
2022-09-28,100,21,3669,456,187,45,21,35299
2022-09-29,92,19,4158,432,138,40,24,35372
2022-09-30,86,18,3112,392,235,41,22,35440
2022-10-01,98,24,7158,1154,441,42,27,35514
2022-10-02,95,18,6465,1100,504,46,24,35591
2022-10-03,100,22,3420,458,222,46,25,35669
2022-10-04,98,23,3740,522,266,53,21,35744
2022-10-05,102,23,3723,491,239,47,25,35823
2022-10-06,87,24,3745,423,234,33,22,35886
2022-10-07,104,23,3173,413,249,47,23,35967
2022-10-08,94,26,8994,1122,537,39,26,36035
2022-10-09,112,20,8539,1080,495,41,20,36127
2022-10-10,86,21,3984,470,255,42,23,36192
2022-10-11,109,21,3014,424,205,43,24,36280
2022-10-12,95,25,3840,491,239,39,24,36350
2022-10-13,87,25,3288,429,195,47,22,36412
2022-10-14,88,24,3589,459,236,39,28,36476
2022-10-15,90,25,8877,1197,531,48,20,36541
2022-10-16,97,20,8519,976,609,56,26,36618
2022-10-17,98,27,3439,392,196,40,26,36689
2022-10-18,88,26,3770,417,218,45,27,36751
2022-10-19,93,25,3197,513,252,34,19,36819
2022-10-20,114,27,4220,479,241,45,21,36906
2022-10-21,110,19,3715,461,237,49,26,36997
2022-10-22,98,22,9513,999,474,50,19,37073
2022-10-23,94,21,8126,1104,495,47,19,37146
2022-10-24,95,25,3621,429,263,51,22,37216
2022-10-25,100,20,3538,484,233,58,23,37296
2022-10-26,84,25,4178,435,243,55,27,37355
2022-10-27,92,26,3578,428,232,44,23,37421
2022-10-28,78,25,4111,441,207,40,22,37474
2022-10-29,98,24,8383,1019,578,45,24,37548
2022-10-30,100,21,7014,1055,555,42,24,37627
2022-10-31,90,21,3674,483,290,49,24,37696
2022-11-01,109,26,3447,298,212,41,23,37779
2022-11-02,83,25,3933,435,255,46,19,37837
2022-11-03,81,23,3464,455,205,51,21,37895
2022-11-04,97,22,4309,545,240,46,27,37970
2022-11-05,105,18,8824,951,585,42,24,38057
2022-11-06,111,21,8775,1084,423,53,22,38147
2022-11-07,91,28,4245,546,232,38,26,38210
2022-11-08,105,20,4382,413,224,45,21,38295
2022-11-09,95,24,4003,495,221,47,23,38366
2022-11-10,94,26,3715,438,247,47,24,38434
2022-11-11,104,20,3322,453,265,48,22,38518
2022-11-12,102,24,8495,987,528,50,24,38596
2022-11-13,80,26,8589,996,546,47,23,38650
2022-11-14,110,23,4127,609,241,46,20,38737
2022-11-15,109,30,3957,519,239,45,24,38816
2022-11-16,90,19,4397,532,213,44,20,38887
2022-11-17,100,26,3876,503,266,51,24,38961
2022-11-18,101,23,4122,403,247,44,27,39039
2022-11-19,99,25,10472,1125,560,52,23,39113
2022-11-20,91,25,9722,1199,497,48,21,39179
2022-11-21,90,22,4169,440,229,45,23,39247
2022-11-22,96,24,3957,529,236,51,22,39319
2022-11-23,108,19,3960,516,204,44,25,39408
2022-11-24,102,25,3883,572,200,51,23,39485
2022-11-25,93,24,4031,463,227,49,28,39554
2022-11-26,104,25,10358,969,571,45,27,39633
2022-11-27,69,26,9456,1050,508,50,23,39676
2022-11-28,108,25,3733,554,217,51,25,39759
2022-11-29,80,24,5100,396,222,54,23,39815
2022-11-30,94,22,4490,385,231,53,24,39887
2022-12-01,86,22,3755,490,234,50,23,39951
2022-12-02,85,27,4195,465,295,43,26,40009
2022-12-03,109,27,10028,1095,605,60,27,40091
2022-12-04,93,23,11658,1201,603,41,26,40161
2022-12-05,101,24,3952,461,272,53,26,40238
2022-12-06,97,22,4900,397,219,50,26,40313
2022-12-07,102,27,5112,589,214,43,25,40388
2022-12-08,99,26,4220,440,217,48,21,40461
2022-12-09,85,29,4398,438,277,48,28,40517
2022-12-10,108,22,9163,1224,519,55,28,40603
2022-12-11,93,23,10059,1062,481,45,23,40673
2022-12-12,83,25,4567,488,234,47,23,40731
2022-12-13,94,26,4907,515,239,37,26,40799
2022-12-14,113,24,5128,545,252,57,25,40888
2022-12-15,107,22,4296,476,252,43,24,40973
2022-12-16,95,26,3747,568,226,50,21,41042
2022-12-17,95,26,10521,873,591,48,25,41111
2022-12-18,96,22,10901,1194,519,48,26,41185
2022-12-19,120,28,4845,453,243,53,26,41277
2022-12-20,103,27,4593,563,264,57,25,41353
2022-12-21,103,25,4829,502,231,50,24,41431
2022-12-22,109,24,5517,462,233,52,27,41516
2022-12-23,102,26,4995,529,262,51,24,41592
2022-12-24,97,22,10470,1217,508,54,23,41667
2022-12-25,97,24,10377,1190,535,47,24,41740
2022-12-26,99,19,4794,446,262,55,20,41820
2022-12-27,99,27,5700,474,300,55,24,41892
2022-12-28,107,21,4829,498,264,55,26,41978
2022-12-29,100,28,4931,497,261,46,25,42050
2022-12-30,107,24,4724,537,262,49,28,42133
2022-12-31,99,24,12448,897,501,51,24,42208
2023-01-01,101,23,13473,1163,569,43,26,42286
2023-01-02,80,24,5255,486,249,58,27,42342
2023-01-03,109,28,5091,459,258,50,30,42423
2023-01-04,104,18,5091,464,253,51,25,42509
2023-01-05,110,28,3879,491,260,47,22,42591
2023-01-06,71,25,5496,321,243,43,27,42637
2023-01-07,122,22,11716,1053,567,47,29,42737
2023-01-08,99,22,12108,1032,495,51,24,42814
2023-01-09,112,29,4812,531,243,53,27,42897
2023-01-10,90,22,5003,464,287,51,28,42965
2023-01-11,107,22,5010,494,260,52,27,43050
2023-01-12,90,28,5783,583,252,48,25,43112
2023-01-13,95,26,5069,556,300,53,23,43181
2023-01-14,121,22,14383,1242,490,58,25,43280
2023-01-15,99,25,12468,1082,506,54,26,43354
2023-01-16,104,22,4654,535,296,54,27,43436
2023-01-17,110,28,5286,496,254,52,26,43518
2023-01-18,107,28,5027,498,247,43,24,43597
2023-01-19,103,26,4214,529,223,45,26,43674
2023-01-20,106,26,6287,478,265,53,27,43754
2023-01-21,126,29,13104,1316,603,50,26,43851
2023-01-22,101,25,12949,1129,510,53,23,43927
2023-01-23,104,22,5575,542,251,59,25,44009
2023-01-24,113,26,4744,585,246,54,27,44096
2023-01-25,114,30,5259,564,262,57,22,44180
2023-01-26,115,22,6015,439,227,51,20,44273
2023-01-27,109,24,4982,535,288,47,29,44358
2023-01-28,91,26,9392,1251,627,50,26,44423
2023-01-29,119,25,12337,1257,555,47,27,44517
2023-01-30,91,23,5551,456,251,59,22,44585
2023-01-31,106,28,5727,480,253,55,27,44663
2023-02-01,95,31,6084,566,237,54,26,44727
2023-02-02,102,26,6054,476,246,57,21,44803
2023-02-03,106,23,5860,500,250,41,29,44886
2023-02-04,106,21,14439,1343,672,54,26,44971
2023-02-05,108,26,10976,1156,634,44,24,45053
2023-02-06,120,28,6062,479,282,51,24,45145
2023-02-07,108,27,6154,472,268,50,20,45226
2023-02-08,101,25,5090,535,229,55,27,45302
2023-02-09,114,24,4953,449,257,52,26,45392
2023-02-10,116,23,5412,506,284,58,25,45485
2023-02-11,91,28,12328,1206,508,48,29,45548
2023-02-12,110,28,14241,1320,621,55,22,45630
2023-02-13,111,21,5541,555,320,52,24,45720
2023-02-14,101,30,5415,483,287,43,23,45791
2023-02-15,119,27,5577,582,297,47,25,45883
2023-02-16,103,29,6625,506,266,51,26,45957
2023-02-17,106,22,5984,457,286,57,27,46041
2023-02-18,103,22,13245,1154,544,54,25,46122
2023-02-19,105,25,13378,1345,634,46,23,46202
2023-02-20,93,27,6807,532,278,51,30,46268
2023-02-21,90,30,5592,524,269,62,32,46328
2023-02-22,122,28,6860,610,296,52,26,46422
2023-02-23,96,25,6206,449,248,50,24,46493
2023-02-24,94,23,5997,457,257,55,30,46564
2023-02-25,82,29,17189,990,596,56,22,46617
2023-02-26,98,23,12330,1226,528,50,25,46692
2023-02-27,91,30,5924,535,269,55,24,46753
2023-02-28,123,25,5399,608,218,50,23,46851
2023-03-01,116,30,6760,540,291,56,25,46937
2023-03-02,98,28,7232,506,265,53,24,47007
2023-03-03,129,26,7238,528,250,55,26,47110
2023-03-04,116,25,15698,1203,544,48,26,47201
2023-03-05,102,25,13739,990,580,48,24,47278
2023-03-06,79,27,6015,673,282,57,25,47330
2023-03-07,130,26,5211,557,279,52,25,47434
2023-03-08,91,24,7546,541,246,54,28,47501
2023-03-09,89,26,6577,563,242,51,26,47564
2023-03-10,117,26,5986,569,283,57,28,47655
2023-03-11,132,20,16079,1179,553,49,28,47767
2023-03-12,121,27,12838,1122,600,52,28,47861
2023-03-13,113,24,6589,565,269,57,30,47950
2023-03-14,113,23,6234,554,274,59,23,48040
2023-03-15,116,22,6761,490,289,50,25,48134
2023-03-16,115,21,6325,610,233,63,31,48228
2023-03-17,110,23,5452,550,216,55,26,48315
2023-03-18,108,24,14480,1291,567,47,19,48399
2023-03-19,106,31,15904,1372,708,55,26,48474
2023-03-20,99,25,6388,537,322,51,27,48548
2023-03-21,104,27,6913,553,317,55,19,48625
2023-03-22,89,27,5754,580,263,53,30,48687
2023-03-23,106,27,6417,498,220,54,24,48766
2023-03-24,97,26,6041,541,205,48,27,48837
2023-03-25,96,23,15601,1226,567,59,26,48910
2023-03-26,110,30,14579,1095,591,47,23,48990
2023-03-27,123,31,6913,664,304,47,24,49082
2023-03-28,118,22,7178,463,293,55,24,49178
2023-03-29,91,24,6929,470,276,62,29,49245
2023-03-30,97,26,6665,611,246,52,26,49316
2023-03-31,118,24,5845,579,244,57,25,49410
2023-04-01,98,28,14622,1093,623,59,24,49480
2023-04-02,106,25,13859,1293,650,58,30,49561
2023-04-03,114,32,6287,622,281,52,31,49643
2023-04-04,98,30,6271,541,243,48,30,49711
2023-04-05,110,27,5882,684,289,42,28,49794
2023-04-06,94,29,5248,450,283,52,27,49859
2023-04-07,102,30,6093,582,242,60,23,49931
2023-04-08,112,25,14983,1368,562,48,26,50018
2023-04-09,92,25,12724,1336,654,58,25,50085
2023-04-10,114,27,6550,534,266,49,22,50172
2023-04-11,109,29,7786,530,316,55,30,50252
2023-04-12,115,27,7215,571,286,58,25,50340
2023-04-13,112,23,7623,591,260,51,30,50429
2023-04-14,124,25,6805,580,273,55,29,50528
2023-04-15,111,27,16460,1361,618,52,28,50612
2023-04-16,105,27,13673,1107,571,58,29,50690
2023-04-17,111,32,6130,536,249,56,25,50769
2023-04-18,116,23,4757,497,293,55,32,50862
2023-04-19,110,28,7331,528,297,63,27,50944
2023-04-20,110,31,7563,606,291,58,28,51023
2023-04-21,102,33,6191,556,316,51,25,51092
2023-04-22,103,26,14368,1563,585,54,24,51169
2023-04-23,95,28,13627,1264,722,54,28,51236
2023-04-24,130,29,6800,555,251,55,28,51337
2023-04-25,97,28,7284,558,248,69,25,51406
2023-04-26,103,27,5405,517,227,57,23,51482
2023-04-27,103,28,6811,550,264,44,24,51557
2023-04-28,121,20,6360,616,262,52,30,51658
2023-04-29,107,29,14878,1260,654,44,26,51736
2023-04-30,125,28,15378,1147,639,53,26,51833
2023-05-01,103,27,6408,504,244,44,31,51909
2023-05-02,114,33,6460,530,266,50,24,51990
2023-05-03,102,25,6383,560,267,47,25,52067
2023-05-04,135,26,7151,623,228,57,25,52176
2023-05-05,98,33,6787,482,251,55,32,52241
2023-05-06,115,25,14969,1212,578,57,33,52331
2023-05-07,119,26,12773,1273,715,55,29,52424
2023-05-08,116,27,6251,456,284,48,30,52513
2023-05-09,110,30,7075,512,297,58,26,52593
2023-05-10,110,28,6510,521,237,66,33,52675
2023-05-11,112,24,6906,515,313,58,28,52763
2023-05-12,110,26,7615,571,316,53,30,52847
2023-05-13,123,26,16057,1239,504,48,27,52944
2023-05-14,137,27,14664,1192,585,50,27,53054
2023-05-15,106,29,6121,585,294,58,32,53131
2023-05-16,97,29,4797,659,299,62,29,53199
2023-05-17,111,23,6326,654,262,57,32,53287
2023-05-18,142,31,6216,454,272,60,28,53398
2023-05-19,103,28,6667,596,264,60,25,53473
2023-05-20,131,32,14197,1246,639,59,26,53572
2023-05-21,132,29,13936,1289,708,52,28,53675
2023-05-22,107,31,5252,542,260,57,26,53751
2023-05-23,119,29,5780,572,310,51,25,53841
2023-05-24,132,32,6674,574,260,56,31,53941
2023-05-25,109,29,7451,533,258,58,26,54021
2023-05-26,111,28,31441,516,1530,330,140,54104
2023-05-27,107,34,14729,1217,695,49,29,54177
2023-05-28,102,30,15595,1307,690,59,26,54249
2023-05-29,106,30,5805,602,246,65,32,54325
2023-05-30,100,24,6537,617,270,61,25,54401
2023-05-31,114,24,5828,540,307,61,29,54491
2023-06-01,105,29,6826,585,285,60,29,54567
2023-06-02,117,28,6366,624,254,64,28,54656
2023-06-03,96,26,14504,1431,670,50,24,54726
2023-06-04,118,28,12955,1275,594,49,31,54816
2023-06-05,124,33,6675,558,336,57,30,54907
2023-06-06,91,30,7518,582,329,44,26,54968
2023-06-07,119,25,5583,506,303,64,30,55062
2023-06-08,129,28,5985,561,325,64,29,55163
2023-06-09,101,26,6326,615,288,54,24,55238
2023-06-10,134,27,14972,1372,693,55,26,55345
2023-06-11,119,27,13077,1255,740,56,31,55437
2023-06-12,107,27,4402,587,294,57,29,55517
2023-06-13,114,25,6962,527,279,58,27,55606
2023-06-14,121,28,6579,615,238,60,26,55699
2023-06-15,116,27,5037,571,285,56,27,55788
2023-06-16,121,20,5716,560,311,63,27,55889
2023-06-17,105,34,15805,1251,708,60,26,55960
2023-06-18,117,31,15604,1289,681,54,23,56046
2023-06-19,99,27,6611,551,273,65,32,56118
2023-06-20,114,28,5922,616,231,49,31,56204
2023-06-21,105,25,6063,555,274,57,25,56284
2023-06-22,107,33,5920,671,280,63,29,56358
2023-06-23,130,34,6660,664,280,53,26,56454
2023-06-24,129,29,12254,1188,690,59,28,56554
2023-06-25,123,31,12317,1314,780,61,28,56646
2023-06-26,103,29,6538,543,293,53,27,56720
2023-06-27,112,25,5897,562,284,57,34,56807
2023-06-28,130,27,6722,698,283,57,27,56910
2023-06-29,118,29,5497,564,294,54,26,56999
2023-06-30,144,27,5845,603,267,71,26,57116
2023-07-01,121,28,11973,1381,661,53,32,57209
2023-07-02,119,28,13164,1181,684,64,24,57300
2023-07-03,113,28,4968,534,297,56,26,57385
2023-07-04,118,29,5532,514,305,52,33,57474
2023-07-05,115,26,4966,533,305,59,29,57563
2023-07-06,125,27,6185,418,240,62,29,57661
2023-07-07,128,25,6181,617,311,63,35,57764
2023-07-08,108,32,10703,1588,614,67,30,57840
2023-07-09,102,23,14630,1338,587,75,27,57919
2023-07-10,96,32,7150,504,261,60,28,57983
2023-07-11,123,33,5732,550,306,54,26,58073
2023-07-12,104,28,5325,561,287,61,33,58149
2023-07-13,92,21,7278,528,244,57,31,58220
2023-07-14,122,28,4912,639,308,64,32,58314
2023-07-15,147,29,12725,1433,567,51,33,58432
2023-07-16,118,26,12891,1172,670,72,28,58524
2023-07-17,128,27,6368,633,302,64,26,58625
2023-07-18,119,34,5799,681,321,49,29,58710
2023-07-19,117,31,5304,703,348,54,26,58796
2023-07-20,129,26,5038,761,255,63,30,58899
2023-07-21,115,24,5362,538,294,66,32,58990
2023-07-22,122,28,11204,1710,648,51,29,59084
2023-07-23,122,29,12485,1287,695,63,30,59177
2023-07-24,111,31,5196,558,303,47,29,59257
2023-07-25,130,28,4672,613,286,58,32,59359
2023-07-26,117,31,6165,560,284,66,27,59445
2023-07-27,110,35,5191,618,264,56,23,59520
2023-07-28,125,32,4757,516,326,50,31,59613
2023-07-29,108,29,12021,1307,699,60,32,59692
2023-07-30,119,29,12279,1514,731,56,31,59782
2023-07-31,119,28,4461,593,289,63,27,59873
2023-08-01,132,33,5571,605,278,54,26,59972
2023-08-02,125,27,4815,626,266,55,31,60070
2023-08-03,119,30,6282,668,309,47,30,60159
2023-08-04,129,30,5632,499,268,60,29,60258
2023-08-05,136,28,11530,1426,796,58,35,60366
2023-08-06,126,25,11087,1311,585,52,27,60467
2023-08-07,120,30,5256,610,308,61,35,60557
2023-08-08,104,29,5623,664,347,66,30,60632
2023-08-09,107,31,5273,529,318,58,24,60708
2023-08-10,116,28,5159,540,305,61,29,60796
2023-08-11,113,33,5292,485,271,61,32,60876
2023-08-12,118,27,11099,1280,582,52,29,60967
2023-08-13,121,35,11381,1536,729,72,25,61053
2023-08-14,127,24,4136,596,346,57,29,61156
2023-08-15,120,31,5722,522,288,64,27,61245
2023-08-16,127,31,5359,574,267,65,31,61341
2023-08-17,122,27,4791,514,227,59,32,61436
2023-08-18,97,31,6166,537,272,64,27,61502
2023-08-19,110,34,11737,1415,672,62,28,61578
2023-08-20,119,23,10410,1201,789,51,32,61674
2023-08-21,106,31,5592,673,323,58,27,61749
2023-08-22,129,22,5346,602,312,56,27,61856
2023-08-23,140,27,5334,612,291,57,26,61969
2023-08-24,136,35,4904,590,286,52,31,62070
2023-08-25,119,28,5344,655,346,67,31,62161
2023-08-26,140,26,11186,1476,697,70,28,62275
2023-08-27,123,29,12106,1415,540,66,30,62369
2023-08-28,118,36,4119,644,284,68,35,62451
2023-08-29,114,24,4860,597,278,58,27,62541
2023-08-30,118,27,5947,643,288,57,24,62632
2023-08-31,117,35,4677,590,322,56,31,62714
2023-09-01,124,36,4753,611,302,65,30,62802
2023-09-02,124,30,10858,1338,681,62,28,62896
2023-09-03,122,26,9974,1314,778,60,32,62992
2023-09-04,128,37,3926,570,284,69,33,63083
2023-09-05,137,35,4918,642,363,63,23,63185
2023-09-06,134,32,5097,694,286,56,28,63287
2023-09-07,104,28,4997,686,309,57,37,63363
2023-09-08,91,30,4946,537,298,65,32,63424
2023-09-09,134,30,11330,1561,699,67,32,63528
2023-09-10,106,31,12424,1341,722,64,34,63603
2023-09-11,120,35,4910,653,321,73,30,63688
2023-09-12,109,33,4715,560,284,71,33,63764
2023-09-13,101,27,4858,625,273,64,33,63838
2023-09-14,130,35,5286,636,385,56,32,63933
2023-09-15,133,31,5699,526,293,53,29,64035
2023-09-16,116,33,10526,1473,742,59,31,64118
2023-09-17,91,35,11338,1579,582,66,29,64174
2023-09-18,117,27,5157,608,300,73,30,64264
2023-09-19,129,30,4492,704,305,64,27,64363
2023-09-20,105,29,4996,608,324,69,28,64439
2023-09-21,126,26,4254,673,225,60,30,64539
2023-09-22,124,32,4103,483,315,65,28,64631
2023-09-23,131,38,11630,1734,616,67,29,64724
2023-09-24,126,25,10789,1608,720,49,30,64825
2023-09-25,112,31,5088,604,278,59,32,64906
2023-09-26,139,33,4980,500,284,68,34,65012
2023-09-27,122,31,4503,641,302,64,29,65103
2023-09-28,124,30,4970,533,278,54,35,65197
2023-09-29,113,27,4379,652,297,47,34,65283
2023-09-30,119,31,12810,1462,616,60,32,65371
2023-10-01,114,28,9727,1273,573,62,31,65457
2023-10-02,123,24,4907,695,344,57,32,65556
2023-10-03,147,35,4486,676,272,63,35,65668
2023-10-04,108,34,5299,687,307,65,35,65742
2023-10-05,105,31,4851,627,336,66,35,65816
2023-10-06,144,32,4762,538,294,47,31,65928
2023-10-07,123,34,12279,1550,645,54,33,66017
2023-10-08,117,32,11359,1374,722,60,35,66102
2023-10-09,139,34,5300,541,349,66,29,66207
2023-10-10,118,30,4551,714,277,65,30,66295
2023-10-11,149,35,4343,761,309,65,31,66409
2023-10-12,134,32,5114,627,260,60,34,66511
2023-10-13,120,32,4906,766,302,60,34,66599
2023-10-14,153,27,12137,1431,711,58,30,66725
2023-10-15,118,32,11350,1365,648,67,26,66811
2023-10-16,136,28,5198,592,301,57,32,66919
2023-10-17,130,29,4274,736,271,68,28,67020
2023-10-18,143,29,6077,583,318,64,26,67134
2023-10-19,146,28,5038,679,349,63,27,67252
2023-10-20,127,38,5490,598,281,59,32,67341
2023-10-21,117,35,10603,1361,668,54,36,67423
2023-10-22,133,37,11954,1575,749,59,31,67519
2023-10-23,118,27,4492,611,355,61,32,67610
2023-10-24,153,31,5411,609,270,48,35,67732
2023-10-25,129,27,5004,708,312,62,26,67834
2023-10-26,122,29,5216,738,327,69,33,67927
2023-10-27,130,28,5578,678,315,67,31,68029
2023-10-28,110,35,10312,1338,537,60,33,68104
2023-10-29,115,30,10986,1361,751,64,30,68189
2023-10-30,143,35,5495,643,367,60,29,68297
2023-10-31,119,33,6375,659,322,64,32,68383
2023-11-01,114,39,5211,576,286,73,37,68458
2023-11-02,135,27,5612,686,303,70,34,68566
2023-11-03,143,36,5257,645,376,67,30,68673
2023-11-04,137,35,14320,1192,785,60,27,68775
2023-11-05,141,28,9925,1307,765,68,26,68888
2023-11-06,118,35,5412,609,332,53,36,68971
2023-11-07,110,33,4504,637,299,62,29,69048
2023-11-08,148,31,4042,763,314,67,31,69165
2023-11-09,124,29,5573,658,318,69,36,69260
2023-11-10,125,29,5505,589,339,68,26,69356
2023-11-11,146,38,11908,1480,832,66,36,69464
2023-11-12,136,32,12168,1397,805,63,31,69568
2023-11-13,135,34,7183,665,276,67,28,69669
2023-11-14,157,29,5361,682,329,58,31,69797
2023-11-15,121,29,5803,723,346,59,29,69889
2023-11-16,141,35,5182,644,342,64,33,69995
2023-11-17,130,27,5725,752,302,65,30,70098
2023-11-18,133,30,12258,1586,938,52,26,70201
2023-11-19,149,32,12085,1352,634,67,31,70318
2023-11-20,136,32,6644,791,288,69,27,70422
2023-11-21,136,31,6306,669,331,64,33,70527
2023-11-22,144,33,5741,594,392,80,28,70638
2023-11-23,125,34,4375,756,297,60,30,70729
2023-11-24,119,34,5500,784,316,62,33,70814
2023-11-25,116,29,16374,1458,807,62,31,70901
2023-11-26,104,31,12641,1388,729,64,33,70974
2023-11-27,157,36,6410,639,314,62,34,71095
2023-11-28,116,35,6632,698,344,55,28,71176
2023-11-29,127,28,5946,735,334,61,32,71275
2023-11-30,127,33,5350,689,359,64,21,71369
2023-12-01,134,26,4436,659,368,73,33,71477
2023-12-02,141,32,14156,1689,756,79,31,71586
2023-12-03,142,38,12219,1424,756,74,29,71690
2023-12-04,123,29,6041,721,334,60,33,71784
2023-12-05,129,29,5215,635,343,60,36,71884
2023-12-06,135,35,5826,683,329,64,31,71984
2023-12-07,128,27,6030,648,327,77,29,72085
2023-12-08,152,30,30984,652,1835,320,165,72207
2023-12-09,138,34,12114,1419,848,56,28,72311
2023-12-10,141,30,15329,1676,625,62,30,72422
2023-12-11,140,32,5745,609,328,70,36,72530
2023-12-12,147,35,5108,609,306,70,33,72642
2023-12-13,134,34,6094,798,318,64,26,72742
2023-12-14,114,33,6208,723,342,70,27,72823
2023-12-15,137,31,6312,502,351,50,33,72929
2023-12-16,123,34,15950,1399,733,66,35,73018
2023-12-17,125,32,13762,1215,598,71,27,73111
2023-12-18,140,34,6216,597,298,60,34,73217
2023-12-19,148,31,5620,453,360,60,37,73334
2023-12-20,132,32,6865,652,240,53,39,73434
2023-12-21,136,29,6489,586,370,76,34,73541
2023-12-22,155,32,6129,666,348,61,34,73664
2023-12-23,136,30,11703,1248,841,67,26,73770
2023-12-24,167,29,16615,1505,729,70,40,73908
2023-12-25,140,34,5683,636,263,76,31,74014
2023-12-26,109,33,6122,764,346,65,30,74090
2023-12-27,143,35,6767,758,374,62,32,74198
2023-12-28,138,31,5776,717,363,67,38,74305
2023-12-29,150,34,5604,644,310,75,40,74421
2023-12-30,142,35,11724,1795,753,65,33,74528
2023-12-31,131,34,16025,1266,708,60,36,74625
2024-01-01,117,30,6307,573,306,56,33,74712
2024-01-02,130,33,8659,662,365,58,29,74809
2024-01-03,122,34,6057,818,293,72,38,74897
2024-01-04,126,33,6131,654,304,64,31,74990
2024-01-05,141,26,6397,656,297,62,38,75105
2024-01-06,156,33,15693,1287,639,62,37,75228
2024-01-07,139,40,14657,1649,762,67,35,75327
2024-01-08,118,32,7284,734,373,65,39,75413
2024-01-09,140,31,6217,723,329,65,41,75522
2024-01-10,150,34,5963,629,284,76,32,75638
2024-01-11,126,34,5697,624,363,77,30,75730
2024-01-12,132,37,5423,585,392,56,27,75825
2024-01-13,134,29,14936,1525,706,69,41,75930
2024-01-14,124,36,15339,1350,720,62,32,76018
2024-01-15,143,35,6611,594,353,65,37,76126
2024-01-16,133,33,7963,645,391,69,31,76226
2024-01-17,140,34,7983,641,319,65,38,76332
2024-01-18,123,37,6899,638,292,69,31,76418
2024-01-19,129,36,5879,706,358,72,29,76511
2024-01-20,145,29,15265,1532,819,69,33,76627
2024-01-21,130,36,15268,1476,760,63,32,76721
2024-01-22,159,33,6769,689,319,63,35,76847
2024-01-23,130,34,6764,610,372,57,33,76943
2024-01-24,138,34,6821,684,356,61,35,77047
2024-01-25,148,33,7041,688,312,81,32,77162
2024-01-26,116,37,6884,576,340,62,31,77241
2024-01-27,112,33,16944,1678,659,59,31,77320
2024-01-28,115,30,17257,1392,814,70,40,77405
2024-01-29,153,32,6752,686,330,67,34,77526
2024-01-30,128,34,8402,759,325,66,27,77620
2024-01-31,171,38,6747,743,339,77,32,77753
2024-02-01,128,36,6290,683,341,71,34,77845
2024-02-02,139,31,7817,657,371,64,40,77953
2024-02-03,157,42,15610,1678,812,65,37,78068
2024-02-04,164,35,17602,1638,753,64,30,78197
2024-02-05,165,38,5777,640,367,74,42,78324
2024-02-06,153,33,8691,629,355,66,34,78444
2024-02-07,151,36,8168,542,327,56,38,78559
2024-02-08,145,37,6524,695,337,68,30,78667
2024-02-09,147,38,6562,679,337,57,26,78776
2024-02-10,129,37,20287,1716,807,83,29,78868
2024-02-11,126,37,16146,1597,742,61,23,78957
2024-02-12,137,33,7122,777,329,67,41,79061
2024-02-13,135,32,6027,638,410,70,35,79164
2024-02-14,131,35,7542,765,375,66,31,79260
2024-02-15,147,37,7660,651,317,66,35,79370
2024-02-16,151,33,8422,741,363,71,35,79488
2024-02-17,139,38,15252,1323,783,79,36,79589
2024-02-18,158,39,15077,1586,803,74,38,79708
2024-02-19,122,31,8281,552,349,79,33,79799
2024-02-20,135,31,8745,671,385,61,31,79903
2024-02-21,128,34,6714,720,356,71,37,79997
2024-02-22,112,35,8849,654,343,70,37,80074
2024-02-23,137,32,8036,618,381,71,34,80179
2024-02-24,136,39,20031,1687,794,78,42,80276
2024-02-25,159,36,17974,1541,787,67,33,80399
2024-02-26,147,34,6029,658,357,66,31,80512
2024-02-27,124,29,7960,696,343,72,36,80607
2024-02-28,164,30,8960,876,346,57,32,80741
2024-02-29,156,35,7394,774,326,67,36,80862
2024-03-01,147,27,7821,775,321,68,31,80982
2024-03-02,136,38,18025,1631,702,63,33,81080
2024-03-03,125,34,13054,1588,672,76,41,81171
2024-03-04,134,46,9556,529,317,62,33,81259
2024-03-05,154,42,7465,649,341,68,32,81371
2024-03-06,165,34,8637,663,351,71,38,81502
2024-03-07,161,34,8164,566,339,79,31,81629
2024-03-08,132,38,9289,616,266,69,32,81723
2024-03-09,124,40,19357,1257,906,76,36,81807
2024-03-10,141,29,18196,1563,870,74,38,81919
2024-03-11,115,28,7554,756,364,70,39,82006
2024-03-12,144,32,8972,776,416,62,32,82118
2024-03-13,138,37,6763,729,315,59,37,82219
2024-03-14,133,36,8874,632,416,70,33,82316
2024-03-15,118,38,7430,565,316,66,32,82396
2024-03-16,147,30,21167,1300,805,76,39,82513
2024-03-17,133,26,19143,1377,688,75,33,82620
2024-03-18,124,38,8924,639,351,68,36,82706
2024-03-19,100,32,8464,691,364,62,35,82774
2024-03-20,140,28,6933,631,346,73,31,82886
2024-03-21,165,35,7691,727,376,63,38,83016
2024-03-22,164,37,8993,687,355,65,37,83143
2024-03-23,134,34,19296,1586,749,63,28,83243
2024-03-24,132,33,21245,1766,747,69,36,83342
2024-03-25,147,34,8795,622,381,78,32,83455
2024-03-26,127,33,7643,735,329,70,39,83549
2024-03-27,145,30,7795,705,385,67,30,83664
2024-03-28,152,32,8564,683,396,59,34,83784
2024-03-29,159,37,6521,769,294,74,36,83906
2024-03-30,140,36,22301,1730,884,65,35,84010
2024-03-31,138,35,19963,1442,958,71,38,84113
2024-04-01,129,31,9545,695,363,68,30,84211
2024-04-02,130,34,7163,729,375,76,41,84307
2024-04-03,138,27,9572,690,391,69,37,84418
2024-04-04,147,36,10418,751,345,70,40,84529
2024-04-05,155,40,7396,730,361,74,38,84644
2024-04-06,130,30,20662,1892,693,86,35,84744
2024-04-07,163,33,19192,1354,810,77,30,84874
2024-04-08,138,36,7213,703,373,70,33,84976
2024-04-09,142,40,8954,647,374,71,41,85078
2024-04-10,132,34,9247,755,394,67,40,85176
2024-04-11,108,33,8024,597,328,64,33,85251
2024-04-12,155,28,9534,738,337,67,25,85378
2024-04-13,153,36,16010,1505,954,65,34,85495
2024-04-14,139,43,16342,1489,789,76,34,85591
2024-04-15,144,36,8655,611,364,63,34,85699
2024-04-16,150,35,8560,682,355,81,37,85814
2024-04-17,121,36,7926,793,328,76,38,85899
2024-04-18,135,35,9227,714,416,71,39,85999
2024-04-19,155,32,8988,761,339,71,37,86122
2024-04-20,125,38,20846,1881,715,67,29,86209
2024-04-21,147,36,18957,1656,769,73,34,86320
2024-04-22,124,35,9040,678,287,79,44,86409
2024-04-23,150,32,8144,752,335,66,37,86527
2024-04-24,143,40,10270,679,324,60,37,86630
2024-04-25,120,38,7824,683,381,76,37,86712
2024-04-26,161,33,10303,610,335,74,37,86840
2024-04-27,133,39,19206,1770,882,63,27,86934
2024-04-28,132,34,16494,1559,922,66,35,87032
2024-04-29,147,33,9657,734,388,65,35,87146
2024-04-30,161,33,8595,647,353,66,40,87274
2024-05-01,129,29,9204,753,366,69,36,87374
2024-05-02,145,37,9512,667,306,70,30,87482
2024-05-03,151,29,8753,712,356,67,37,87604
2024-05-04,155,31,17907,1770,742,66,33,87728
2024-05-05,147,28,20872,1757,870,70,31,87847
2024-05-06,139,35,8443,723,455,73,33,87951
2024-05-07,133,35,9012,596,380,70,38,88049
2024-05-08,146,35,6610,942,290,80,40,88160
2024-05-09,129,32,8791,852,349,76,38,88257
2024-05-10,102,32,7868,778,367,61,38,88327
2024-05-11,151,38,22010,1512,823,76,38,88440
2024-05-12,158,34,20039,1617,756,77,36,88564
2024-05-13,111,37,8573,688,372,69,38,88638
2024-05-14,131,33,8767,820,318,61,27,88736
2024-05-15,154,37,7516,747,329,72,36,88853
2024-05-16,176,41,9691,671,387,72,32,88988
2024-05-17,146,38,9983,695,327,64,40,89096
2024-05-18,135,34,19437,1824,864,62,35,89197
2024-05-19,143,37,21644,1905,708,72,36,89303
2024-05-20,166,35,7813,842,429,71,31,89434
2024-05-21,137,36,7612,786,337,70,40,89535
2024-05-22,134,35,8291,713,357,72,38,89634
2024-05-23,139,36,8603,494,378,65,38,89737
2024-05-24,132,37,7905,754,345,70,33,89832
2024-05-25,148,33,19475,1649,834,77,33,89947
2024-05-26,170,32,19014,1671,870,70,37,90085
2024-05-27,151,31,7366,738,402,61,34,90205
2024-05-28,143,30,8591,637,396,69,38,90318
2024-05-29,142,32,8855,776,361,65,28,90428
2024-05-30,124,37,8275,782,362,75,34,90515
2024-05-31,160,33,9055,786,454,75,43,90642
2024-06-01,146,38,16011,1813,906,61,38,90750
2024-06-02,144,36,19042,1757,751,79,37,90858
2024-06-03,194,29,7123,707,372,65,44,91023
2024-06-04,152,39,7153,732,356,85,28,91136
2024-06-05,136,39,7526,745,364,73,33,91233
2024-06-06,141,33,7259,746,323,64,35,91341
2024-06-07,165,38,7557,812,354,65,40,91468
2024-06-08,149,33,17567,1770,981,76,40,91584
2024-06-09,126,37,19408,2009,879,71,33,91673
2024-06-10,161,32,7685,903,277,73,40,91802
2024-06-11,138,30,6665,746,415,86,35,91910
2024-06-12,176,35,8804,456,410,68,41,92051
2024-06-13,164,36,7223,833,357,74,33,92179
2024-06-14,142,35,7817,702,397,84,36,92286
2024-06-15,167,32,18438,1536,762,76,35,92421
2024-06-16,149,35,17956,1604,796,62,41,92535
2024-06-17,161,38,8658,710,427,78,35,92658
2024-06-18,156,37,8157,789,361,65,37,92777
2024-06-19,136,37,7095,628,302,84,39,92876
2024-06-20,139,34,9430,664,370,68,39,92981
2024-06-21,164,41,7873,771,369,96,40,93104
2024-06-22,144,32,17075,1782,938,85,38,93216
2024-06-23,143,39,18950,1786,839,68,35,93320
2024-06-24,135,41,7852,688,357,74,36,93414
2024-06-25,156,39,7945,674,412,80,37,93531
2024-06-26,180,36,9518,709,378,80,38,93675
2024-06-27,133,35,7389,766,345,78,36,93773
2024-06-28,150,41,7336,859,417,84,37,93882
2024-06-29,171,32,17199,1338,857,73,31,94021
2024-06-30,148,33,18771,1649,841,72,39,94136
2024-07-01,157,36,6381,650,381,72,38,94257
2024-07-02,134,42,6019,626,335,81,41,94349
2024-07-03,156,38,7032,823,355,77,37,94467
2024-07-04,147,33,6232,792,375,77,31,94581
2024-07-05,165,36,7113,785,368,81,36,94710
2024-07-06,168,35,17504,1847,951,59,36,94843
2024-07-07,189,34,15138,1611,864,77,40,94998
2024-07-08,159,41,6313,720,408,76,29,95116
2024-07-09,155,32,7394,918,377,87,37,95239
2024-07-10,153,43,7953,735,416,63,39,95349
2024-07-11,145,40,6062,810,392,87,35,95454
2024-07-12,156,41,7876,755,377,76,38,95569
2024-07-13,146,36,17665,1383,848,79,35,95679
2024-07-14,153,37,17836,1352,767,88,35,95795
2024-07-15,171,32,8095,712,397,79,36,95934
2024-07-16,136,35,8779,836,376,78,35,96035
2024-07-17,168,39,6918,817,359,77,40,96164
2024-07-18,171,42,7231,827,420,72,35,96293
2024-07-19,150,33,6835,683,331,75,34,96410
2024-07-20,119,36,16005,1982,816,70,44,96493
2024-07-21,142,37,18403,1541,940,75,41,96598
2024-07-22,171,32,6120,775,391,58,30,96737
2024-07-23,151,40,6444,759,378,79,35,96848
2024-07-24,137,35,7999,747,389,75,38,96950
2024-07-25,144,37,7726,862,387,73,39,97057
2024-07-26,165,36,6737,707,322,77,32,97186
2024-07-27,160,35,17025,1482,825,65,42,97311
2024-07-28,149,38,16176,1716,994,90,41,97422
2024-07-29,147,37,7973,732,356,75,39,97532
2024-07-30,146,36,6965,1021,369,75,43,97642
2024-07-31,138,35,7602,815,361,68,39,97745
2024-08-01,177,39,8692,732,378,76,39,97883
2024-08-02,148,44,7267,683,359,87,44,97987
2024-08-03,171,38,15463,1397,902,84,42,98120
2024-08-04,176,42,16456,1545,877,83,35,98254
2024-08-05,168,32,6554,774,412,80,40,98390
2024-08-06,146,38,8406,875,342,73,35,98498
2024-08-07,159,34,6890,853,370,65,40,98623
2024-08-08,153,32,6566,785,374,75,40,98744
2024-08-09,139,35,6171,743,401,74,33,98848
2024-08-10,158,42,16771,1775,794,84,37,98964
2024-08-11,135,42,16384,1638,942,79,39,99057
2024-08-12,172,39,6352,901,430,89,36,99190
2024-08-13,146,32,7053,755,346,86,39,99304
2024-08-14,157,37,5649,763,366,73,41,99424
2024-08-15,158,39,6760,599,364,63,38,99543
2024-08-16,150,39,6922,756,486,87,39,99654
2024-08-17,163,31,17405,1881,830,87,43,99786
2024-08-18,147,35,13692,1550,1012,66,40,99898
2024-08-19,168,38,5738,714,337,88,39,100028
2024-08-20,133,40,5977,834,348,80,34,100121
2024-08-21,156,30,5676,659,360,78,41,100247
2024-08-22,184,38,37062,855,1770,445,195,100393
2024-08-23,139,39,7536,733,376,87,43,100493
2024-08-24,144,42,15124,1674,807,82,38,100595
2024-08-25,163,41,16413,1548,798,81,31,100717
2024-08-26,158,41,6576,804,432,82,32,100834
2024-08-27,160,35,6416,967,435,74,41,100959
2024-08-28,163,31,6251,837,425,77,36,101091
2024-08-29,165,37,6256,709,408,70,40,101219
2024-08-30,172,42,5448,865,392,75,39,101349
2024-08-31,162,44,14864,1694,830,74,38,101467
2024-09-01,152,41,14401,1991,792,72,38,101578
2024-09-02,166,40,6896,841,403,78,35,101704
2024-09-03,185,40,6468,549,343,75,38,101849
2024-09-04,154,36,6295,701,351,81,36,101967
2024-09-05,140,38,5835,853,434,65,37,102069
2024-09-06,173,45,6430,792,464,77,37,102197
2024-09-07,154,35,15409,1577,911,79,38,102316
2024-09-08,122,45,12695,1647,974,75,42,102393
2024-09-09,169,37,6419,632,381,76,38,102525
2024-09-10,148,44,6506,775,338,65,43,102629
2024-09-11,155,33,5896,956,415,81,45,102751
2024-09-12,162,41,5974,846,413,83,42,102872
2024-09-13,159,36,6489,955,394,82,41,102995
2024-09-14,168,33,12646,1919,859,86,40,103130
2024-09-15,150,40,14753,1946,967,80,42,103240
2024-09-16,165,43,5765,940,353,82,39,103362
2024-09-17,153,35,7002,815,362,79,43,103480
2024-09-18,169,33,7805,771,353,83,41,103616
2024-09-19,167,38,5780,867,396,66,37,103745
2024-09-20,142,38,6661,901,350,71,42,103849
2024-09-21,174,41,13189,1685,823,91,39,103982
2024-09-22,149,43,15704,1644,823,59,38,104088
2024-09-23,170,39,5521,799,383,77,37,104219
2024-09-24,163,46,6625,854,335,88,40,104336
2024-09-25,187,40,5770,852,398,78,43,104483
2024-09-26,154,38,6192,677,444,75,42,104599
2024-09-27,152,33,5672,941,400,80,40,104718
2024-09-28,158,38,15406,1665,1026,76,41,104838
2024-09-29,153,38,13049,1732,1008,79,44,104953
2024-09-30,171,43,6682,720,426,73,38,105081
2024-10-01,132,41,6118,1005,398,87,35,105172
2024-10-02,141,34,6267,811,397,90,44,105279
2024-10-03,141,40,6438,725,426,78,37,105380
2024-10-04,173,42,5866,862,381,68,36,105511
2024-10-05,186,45,14600,1921,724,75,32,105652
2024-10-06,157,43,16503,1752,936,77,41,105766
2024-10-07,156,42,5871,861,352,83,33,105880
2024-10-08,160,39,7121,729,359,71,36,106001
2024-10-09,177,41,7337,756,397,73,42,106137
2024-10-10,144,44,5868,636,394,83,42,106237
2024-10-11,163,34,5466,691,341,87,37,106366
2024-10-12,175,38,14848,2117,911,74,39,106503
2024-10-13,167,36,13643,2088,983,69,36,106634
2024-10-14,162,41,7625,803,353,105,37,106755
2024-10-15,175,44,6457,931,449,86,40,106886
2024-10-16,116,37,5928,786,337,77,37,106965
2024-10-17,170,30,5715,779,484,86,38,107105
2024-10-18,149,38,7173,804,383,78,34,107216
2024-10-19,130,43,13747,1777,911,86,44,107303
2024-10-20,168,42,14672,1761,729,81,42,107429
2024-10-21,182,41,7127,892,398,80,43,107570
2024-10-22,158,38,6203,813,409,79,45,107690
2024-10-23,175,34,6502,859,397,68,36,107831
2024-10-24,186,42,6536,885,378,95,38,107975
2024-10-25,181,36,7009,834,363,72,32,108120
2024-10-26,187,48,15672,1631,1005,69,52,108259
2024-10-27,172,42,14506,1563,906,78,39,108389
2024-10-28,162,37,6650,816,464,72,44,108514
2024-10-29,135,37,6378,791,381,80,35,108612
2024-10-30,157,39,5660,812,385,86,44,108730
2024-10-31,147,39,6831,804,435,88,47,108838
2024-11-01,196,44,7940,1014,337,87,40,108990
2024-11-02,158,41,13732,1572,796,78,36,109107
2024-11-03,163,37,13938,1453,1005,81,39,109233
2024-11-04,170,48,6146,834,356,84,31,109355
2024-11-05,162,40,36206,777,1650,330,200,109477
2024-11-06,189,43,7075,834,479,85,43,109623
2024-11-07,151,37,6685,856,348,69,40,109737
2024-11-08,165,41,6188,913,412,97,39,109861
2024-11-09,150,41,15519,1545,915,77,42,109970
2024-11-10,140,32,13012,1721,654,79,42,110078
2024-11-11,152,48,6976,845,394,74,33,110182
2024-11-12,161,45,7501,873,423,75,40,110298
2024-11-13,155,38,6056,989,420,99,50,110415
2024-11-14,151,36,5880,889,442,88,35,110530
2024-11-15,139,42,8069,807,390,68,40,110627
2024-11-16,161,40,14771,1665,978,93,48,110748
2024-11-17,138,42,17581,1725,850,91,45,110844
2024-11-18,175,41,6933,765,349,79,38,110978
2024-11-19,164,42,6951,867,354,83,41,111100
2024-11-20,139,46,7402,835,347,81,40,111193
2024-11-21,158,43,6487,707,448,97,37,111308
2024-11-22,151,36,7237,780,346,75,40,111423
2024-11-23,168,46,15515,1995,942,82,39,111545
2024-11-24,185,47,14051,1901,893,78,41,111683
2024-11-25,132,53,7465,863,404,69,37,111762
2024-11-26,165,36,7057,848,464,99,35,111891
2024-11-27,161,41,7162,951,391,72,40,112011
2024-11-28,174,32,6419,837,434,83,47,112153
2024-11-29,167,43,8499,787,410,67,41,112277
2024-11-30,151,38,18012,1674,906,78,39,112390
2024-12-01,158,48,18227,1890,1134,85,44,112500
2024-12-02,151,37,7190,620,350,75,40,112614
2024-12-03,181,34,6158,805,463,86,48,112761
2024-12-04,164,39,8936,804,437,79,41,112886
2024-12-05,195,32,7460,709,391,91,43,113049
2024-12-06,163,44,6971,745,477,93,37,113168
2024-12-07,153,32,17732,2000,753,77,43,113289
2024-12-08,139,41,19084,1894,875,82,42,113387
2024-12-09,135,32,7608,831,361,83,40,113490
2024-12-10,138,39,8635,849,428,87,39,113589
2024-12-11,169,47,8520,832,366,82,38,113711
2024-12-12,173,42,6888,927,430,84,42,113842
2024-12-13,139,37,7227,835,404,80,43,113944
2024-12-14,180,41,19185,1586,884,83,40,114083
2024-12-15,157,41,12810,2160,965,93,42,114199
2024-12-16,167,43,7727,857,402,87,41,114323
2024-12-17,192,35,6749,778,368,88,41,114480
2024-12-18,180,43,7532,723,529,88,40,114617
2024-12-19,161,30,7703,860,393,81,41,114748
2024-12-20,151,38,7687,818,322,85,52,114861
2024-12-21,130,39,17018,2157,852,73,42,114952
2024-12-22,154,44,16101,1800,814,93,44,115062
2024-12-23,162,41,9920,760,449,59,43,115183
2024-12-24,149,35,9617,904,428,82,40,115297
2024-12-25,164,37,7190,907,431,92,46,115424
2024-12-26,167,42,9462,845,400,71,40,115549
2024-12-27,162,41,7875,888,404,86,45,115670
2024-12-28,155,39,18769,1865,900,77,40,115786
2024-12-29,169,39,18486,1917,927,80,37,115916
2024-12-30,174,44,7754,930,451,91,43,116046
2024-12-31,148,39,9155,885,430,84,37,116155
2025-01-01,190,41,8445,819,437,66,43,116304
2025-01-02,165,50,7974,947,438,75,36,116419
2025-01-03,167,35,7309,637,454,91,40,116551
2025-01-04,179,34,17292,2263,965,87,35,116696
2025-01-05,171,45,15934,1559,972,98,53,116822
2025-01-06,183,38,8516,783,467,97,34,116967
2025-01-07,172,40,7517,833,390,80,41,117099
2025-01-08,157,38,8344,824,382,104,46,117218
2025-01-09,173,40,9785,921,369,83,46,117351
2025-01-10,148,48,9675,749,426,75,45,117451
2025-01-11,169,45,19449,1935,767,78,40,117575
2025-01-12,167,45,19417,1777,985,64,47,117697
2025-01-13,164,36,10382,864,415,97,45,117825
2025-01-14,165,37,9229,834,467,97,42,117953
2025-01-15,136,30,8515,848,391,75,43,118059
2025-01-16,159,38,7577,794,411,82,40,118180
2025-01-17,169,46,9219,798,467,84,38,118303
2025-01-18,171,44,21692,1946,1077,76,47,118430
2025-01-19,151,41,18835,2072,882,69,47,118540
2025-01-20,190,42,9229,792,428,82,38,118688
2025-01-21,154,39,8672,769,433,81,41,118803
2025-01-22,185,43,8865,895,437,81,41,118945
2025-01-23,176,45,6808,841,410,86,42,119076
2025-01-24,158,35,8893,914,476,96,42,119199
2025-01-25,199,43,22527,1728,769,81,46,119355
2025-01-26,149,46,19306,1561,909,85,39,119458
2025-01-27,184,40,9238,800,441,90,38,119602
2025-01-28,186,45,8524,781,442,89,47,119743
2025-01-29,158,54,9586,840,480,79,40,119847
2025-01-30,193,41,9082,793,474,85,37,119999
2025-01-31,165,44,8438,910,411,89,40,120120
2025-02-01,174,39,23824,1851,1077,75,41,120255
2025-02-02,174,43,23050,1937,884,95,49,120386
2025-02-03,167,44,8835,862,463,97,46,120509
2025-02-04,183,43,9903,866,501,78,47,120649
2025-02-05,183,38,9971,847,476,86,45,120794
2025-02-06,140,43,10101,893,429,90,46,120891
2025-02-07,192,48,7907,783,411,80,39,121035
2025-02-08,142,44,23648,2182,810,89,41,121133
2025-02-09,188,46,20320,1869,987,86,38,121275
2025-02-10,189,41,9261,740,378,72,41,121423
2025-02-11,152,45,12173,868,392,89,45,121530
2025-02-12,163,43,9952,780,375,75,43,121650
2025-02-13,151,38,9312,910,407,93,48,121763
2025-02-14,167,44,7571,1042,425,79,37,121886
2025-02-15,165,38,24962,1770,985,84,44,122013
2025-02-16,184,40,19017,1986,902,97,37,122157
2025-02-17,193,43,8809,705,473,89,43,122307
2025-02-18,195,44,9492,894,418,76,45,122458
2025-02-19,161,37,11236,780,394,76,41,122582
2025-02-20,167,47,10629,803,438,80,45,122702
2025-02-21,142,45,9735,762,512,89,38,122799
2025-02-22,157,39,22996,2070,996,88,35,122917
2025-02-23,188,36,21019,2124,929,78,45,123069
2025-02-24,199,42,10101,860,363,75,50,123226
2025-02-25,150,41,10058,784,420,88,38,123335
2025-02-26,161,43,10976,996,439,84,48,123453
2025-02-27,171,41,10999,795,413,104,43,123583
2025-02-28,177,34,10546,674,358,86,37,123726
2025-03-01,158,41,21841,2025,884,101,38,123843
2025-03-02,179,41,121961,1723,5546,380,215,123981
2025-03-03,164,45,10020,947,492,72,41,124100
2025-03-04,172,40,9037,829,392,76,37,124232
2025-03-05,182,50,9742,914,460,96,35,124364
2025-03-06,172,34,10257,984,380,101,39,124502
2025-03-07,165,48,11117,759,492,79,44,124619
2025-03-08,171,42,22546,1833,994,82,43,124748
2025-03-09,171,46,20226,1930,1064,76,41,124873
2025-03-10,166,43,10301,998,358,70,44,124996
2025-03-11,168,48,10376,808,461,92,47,125116
2025-03-12,201,41,10467,814,432,88,44,125276
2025-03-13,183,38,11239,907,470,86,42,125421
2025-03-14,168,49,11357,816,473,74,47,125540
2025-03-15,185,42,21844,1980,981,100,39,125683
2025-03-16,167,44,21825,1649,915,82,42,125806
2025-03-17,194,48,9274,1060,467,91,42,125952
2025-03-18,180,38,11087,751,431,74,38,126094
2025-03-19,172,46,11880,841,396,85,41,126220
2025-03-20,181,40,10061,866,394,89,34,126361
2025-03-21,146,42,10150,1036,370,89,51,126465
2025-03-22,154,43,26864,1698,927,88,39,126576
2025-03-23,153,37,24638,2346,1086,91,50,126692
2025-03-24,176,40,10889,937,443,77,43,126828
2025-03-25,204,49,9200,908,412,88,46,126983
2025-03-26,213,47,11163,786,471,88,41,127149
2025-03-27,185,43,9490,922,400,89,44,127291
2025-03-28,183,44,9284,810,440,87,46,127430
2025-03-29,143,42,22761,2214,963,76,46,127531
2025-03-30,165,49,22212,1775,1059,75,47,127647
2025-03-31,161,42,10261,864,368,68,42,127766
2025-04-01,164,44,8986,826,400,94,41,127886
2025-04-02,172,48,11512,789,365,94,36,128010
2025-04-03,167,40,11696,940,426,94,46,128137
2025-04-04,140,50,8467,923,491,90,48,128227
2025-04-05,188,37,25985,2209,936,68,50,128378
2025-04-06,156,51,21759,1622,936,78,45,128483
2025-04-07,179,42,11429,971,477,89,40,128620
2025-04-08,212,42,10457,1098,485,89,36,128790
2025-04-09,159,35,10562,839,435,85,48,128914
2025-04-10,131,41,10338,1045,469,91,36,129004
2025-04-11,170,39,11812,856,392,88,42,129135
2025-04-12,195,41,20765,1707,1125,89,43,129289
2025-04-13,210,43,25146,1919,1201,82,43,129456
2025-04-14,154,48,11696,973,463,96,44,129562
2025-04-15,185,44,11288,807,348,84,44,129703
2025-04-16,168,45,12982,828,416,76,33,129826
2025-04-17,174,39,9973,934,468,81,44,129961
2025-04-18,223,40,11536,883,422,85,34,130144
2025-04-19,150,52,23432,2101,1118,97,47,130242
2025-04-20,181,40,26595,2034,1050,87,41,130383
2025-04-21,185,51,10510,926,410,86,34,130517
2025-04-22,196,43,10106,846,443,77,40,130670
2025-04-23,178,44,11880,905,402,95,41,130804
2025-04-24,182,49,9987,803,434,82,49,130937
2025-04-25,170,49,9014,1000,418,87,45,131058
2025-04-26,182,43,22384,1867,1113,101,45,131197
2025-04-27,171,42,25049,2220,1208,93,49,131326
2025-04-28,188,44,11935,866,380,74,43,131470
2025-04-29,171,45,10585,905,358,73,47,131596
2025-04-30,184,48,11838,844,433,88,47,131732
2025-05-01,177,44,9031,798,376,78,38,131865
2025-05-02,197,47,9978,734,446,94,51,132015
2025-05-03,177,51,22793,1788,1075,89,38,132141
2025-05-04,146,46,23180,1937,1149,90,48,132241
2025-05-05,200,45,10498,909,454,82,37,132396
2025-05-06,162,37,11117,981,436,104,47,132521
2025-05-07,166,32,9925,851,357,114,52,132655
2025-05-08,167,46,10519,813,447,86,43,132776
2025-05-09,203,44,10315,763,449,92,43,132935
2025-05-10,140,42,21129,2103,1066,90,47,133033
2025-05-11,234,45,22991,2286,931,87,43,133222
2025-05-12,197,44,10174,1006,427,81,52,133375
2025-05-13,182,49,10137,957,380,79,45,133508
2025-05-14,178,45,10326,951,344,79,43,133641
2025-05-15,184,41,10356,1047,397,93,42,133784
2025-05-16,188,49,9818,925,377,84,40,133923
2025-05-17,190,43,25986,2144,1041,66,41,134070
2025-05-18,189,47,20324,1950,954,93,43,134212
2025-05-19,181,42,9475,774,424,89,42,134351
2025-05-20,176,41,13029,836,404,101,41,134486
2025-05-21,176,45,9121,897,303,93,54,134617
2025-05-22,176,44,43923,903,2580,380,200,134749
2025-05-23,200,47,10885,1071,404,69,45,134902
2025-05-24,190,43,18044,2038,969,83,47,135049
2025-05-25,127,36,22198,2261,864,84,47,135140
2025-05-26,191,43,12248,860,493,98,44,135288
2025-05-27,183,48,8509,872,456,89,43,135423
2025-05-28,179,43,8052,781,413,100,47,135559
2025-05-29,173,43,8520,834,433,78,46,135689
2025-05-30,200,49,10900,949,526,98,43,135840
2025-05-31,197,41,24985,2031,1005,96,38,135996
2025-06-01,166,38,21262,2223,996,72,43,136124
2025-06-02,188,44,10617,919,409,102,39,136268
2025-06-03,163,42,11295,871,366,91,42,136389
2025-06-04,155,40,11662,1098,444,93,45,136504
2025-06-05,169,44,9628,896,467,82,46,136629
2025-06-06,196,47,7581,1010,502,102,53,136778
2025-06-07,198,45,20291,1955,787,79,42,136931
2025-06-08,190,46,21114,2182,904,98,48,137075
2025-06-09,194,53,9525,990,426,98,46,137216
2025-06-10,190,43,9571,925,453,81,51,137363
2025-06-11,169,46,10818,693,447,108,47,137486
2025-06-12,189,43,10943,909,448,92,40,137632
2025-06-13,196,41,9515,1020,472,96,37,137787
2025-06-14,195,42,24114,2151,929,76,46,137940
2025-06-15,203,43,22445,2135,1118,110,43,138100
2025-06-16,194,47,9668,753,474,79,41,138247
2025-06-17,188,56,10449,844,440,100,39,138379
2025-06-18,201,42,9625,948,528,81,46,138538
2025-06-19,181,43,11490,948,526,85,52,138676
2025-06-20,166,45,8137,1022,498,98,43,138797
2025-06-21,179,47,20228,2020,715,100,48,138929
2025-06-22,168,46,20999,2135,1188,79,45,139051
2025-06-23,170,51,9840,914,492,101,39,139170
2025-06-24,180,34,10591,823,548,100,49,139316
2025-06-25,168,34,9349,707,513,82,40,139450
2025-06-26,177,43,8017,953,529,106,45,139584
2025-06-27,148,50,10105,930,497,78,44,139682
2025-06-28,187,38,22487,1930,1167,85,49,139831
2025-06-29,183,32,16800,1725,1235,95,40,139982
2025-06-30,168,48,9235,973,467,83,47,140102
2025-07-01,195,46,7747,892,386,94,41,140251
2025-07-02,200,40,8574,968,444,93,43,140411
2025-07-03,154,41,8331,1088,476,90,29,140524
2025-07-04,169,41,9870,721,462,99,55,140652
2025-07-05,169,46,20724,1921,902,89,48,140775
2025-07-06,166,43,17798,2022,864,94,42,140898
2025-07-07,199,48,9846,1053,425,102,40,141049
2025-07-08,180,32,7729,769,496,99,43,141197
2025-07-09,179,42,9292,1098,532,99,49,141334
2025-07-10,147,40,8239,933,502,81,37,141441
2025-07-11,195,44,8615,912,509,96,45,141592
2025-07-12,161,43,21070,2031,1028,84,54,141710
2025-07-13,185,49,21042,1982,855,80,40,141846
2025-07-14,189,37,10046,1019,440,91,46,141998
2025-07-15,209,46,8762,824,449,83,56,142161
2025-07-16,160,48,9077,955,438,99,49,142273
2025-07-17,129,54,8397,888,464,99,46,142348
2025-07-18,188,43,8914,853,482,74,48,142493
2025-07-19,218,47,20504,2616,1127,84,44,142664
2025-07-20,208,37,19389,2166,1010,79,52,142835
2025-07-21,189,35,7111,982,374,88,44,142989
2025-07-22,176,50,8937,1031,440,96,37,143115
2025-07-23,200,46,8939,794,465,90,44,143269
2025-07-24,167,51,8014,1089,520,87,41,143385
2025-07-25,194,40,7472,694,437,104,45,143539
2025-07-26,195,48,22074,1926,1095,71,45,143686
2025-07-27,205,55,20120,1991,1073,104,51,143836
2025-07-28,237,48,8303,982,466,87,49,144025
2025-07-29,193,47,7510,949,507,92,47,144171
2025-07-30,176,46,7754,914,434,88,46,144301
2025-07-31,185,39,9523,929,438,107,41,144447
2025-08-01,153,52,8517,839,464,81,36,144548
2025-08-02,173,43,17811,1779,978,93,47,144678
2025-08-03,178,48,19753,2247,1100,98,50,144808
2025-08-04,176,39,7652,996,432,78,46,144945
2025-08-05,189,41,9554,1080,476,84,44,145093
2025-08-06,171,53,9405,859,461,91,48,145211
2025-08-07,207,45,7876,998,476,85,46,145373
2025-08-08,186,53,7722,907,445,85,54,145506
2025-08-09,186,46,13651,2351,1014,90,52,145646
2025-08-10,180,38,15711,2317,1059,99,51,145788
2025-08-11,190,50,7080,955,477,90,50,145928
2025-08-12,202,44,8265,903,467,103,40,146086
2025-08-13,171,50,7869,1026,547,84,49,146207
2025-08-14,175,46,7022,997,421,81,48,146336
2025-08-15,181,39,7867,872,465,111,49,146478
2025-08-16,162,47,19087,1829,886,87,49,146593
2025-08-17,172,57,19083,2047,1093,81,49,146708
2025-08-18,178,49,6509,1080,416,77,59,146837
2025-08-19,204,46,7915,1046,456,103,46,146995
2025-08-20,192,52,6894,834,452,90,51,147135
2025-08-21,191,47,8702,830,483,91,44,147279
2025-08-22,204,47,8590,1060,444,92,50,147436
2025-08-23,185,41,16278,1874,994,103,51,147580
2025-08-24,195,48,16480,2225,1210,92,48,147727
2025-08-25,186,51,7551,883,484,116,54,147862
2025-08-26,193,43,6120,1094,444,95,42,148012
2025-08-27,177,53,8151,869,459,104,44,148136
2025-08-28,142,46,7656,1050,549,101,48,148232
2025-08-29,186,42,8618,960,460,93,51,148376
2025-08-30,215,51,15708,2175,987,88,48,148540
2025-08-31,206,45,16526,1705,987,97,53,148701
2025-09-01,207,50,6638,736,446,99,44,148858
2025-09-02,212,45,7020,924,444,89,41,149025
2025-09-03,190,47,6871,969,412,96,48,149168
2025-09-04,193,49,8556,839,419,106,46,149312
2025-09-05,177,48,7227,843,434,114,49,149441
2025-09-06,183,37,17675,2250,1127,102,47,149587
2025-09-07,201,42,16771,2250,1023,112,45,149746
2025-09-08,212,51,6757,934,464,88,47,149907
2025-09-09,187,46,7601,1022,534,101,47,150048
2025-09-10,181,44,8184,837,535,107,45,150185
2025-09-11,189,41,6782,915,461,86,46,150333
2025-09-12,201,42,8330,1106,444,90,45,150492
2025-09-13,162,37,15853,2151,976,111,51,150617
2025-09-14,146,47,16474,2164,1143,85,48,150716
2025-09-15,179,44,8095,1170,465,82,58,150851
2025-09-16,167,42,7172,818,457,109,48,150976
2025-09-17,180,47,38534,1027,2185,530,220,151109
2025-09-18,187,49,7432,1111,439,99,60,151247
2025-09-19,182,57,7768,922,491,94,49,151372
2025-09-20,218,40,13141,2328,931,91,52,151550
2025-09-21,197,53,14089,1935,1179,98,50,151694
2025-09-22,196,52,8133,888,451,110,50,151838
2025-09-23,202,44,8454,991,470,97,50,151996
2025-09-24,169,48,6961,1031,413,116,42,152117
2025-09-25,211,45,7471,1062,477,86,49,152283
2025-09-26,189,48,7884,1106,462,95,41,152424
2025-09-27,204,55,18429,2137,1068,92,46,152573
2025-09-28,170,50,13741,2409,1233,85,44,152693
2025-09-29,161,50,6983,924,487,94,49,152804
2025-09-30,207,45,7409,1044,440,99,49,152966
2025-10-01,198,40,8207,978,445,100,50,153124
2025-10-02,174,46,9588,1001,507,116,49,153252
2025-10-03,175,53,7500,1000,541,100,45,153374
2025-10-04,213,40,14849,1811,1109,107,46,153547
2025-10-05,169,42,17987,1917,1154,96,52,153674
2025-10-06,223,48,8707,970,509,112,53,153849
2025-10-07,174,43,7780,799,548,119,42,153980
2025-10-08,204,44,7006,1041,387,101,40,154140
2025-10-09,186,46,8450,1046,513,86,44,154280
2025-10-10,204,41,8231,994,528,90,53,154443
2025-10-11,182,43,15604,1923,938,99,54,154582
2025-10-12,189,51,18073,2466,987,100,43,154720
2025-10-13,193,41,8520,1160,440,103,49,154872
2025-10-14,173,40,8674,978,447,100,57,155005
2025-10-15,207,45,7716,1014,459,96,50,155167
2025-10-16,183,51,7501,984,494,90,55,155299
2025-10-17,188,47,8748,1017,524,100,53,155440
2025-10-18,174,46,15435,2146,1203,114,43,155568
2025-10-19,143,48,18362,2166,994,106,47,155663
2025-10-20,189,39,6758,1054,442,101,48,155813
2025-10-21,240,50,8682,1194,547,106,48,156003
2025-10-22,208,50,7658,832,515,93,52,156161
2025-10-23,193,46,8875,958,488,91,50,156308
2025-10-24,188,53,8280,854,507,89,34,156443
2025-10-25,194,43,15616,2526,1086,95,42,156594
2025-10-26,204,53,20372,2052,1147,92,37,156745
2025-10-27,171,49,9174,830,468,108,49,156867
2025-10-28,215,46,8663,1032,498,92,49,157036
2025-10-29,208,48,36861,1140,2060,445,245,157196
2025-10-30,208,48,7753,1036,452,116,43,157356
2025-10-31,202,54,8135,992,453,92,51,157504
2025-11-01,194,43,16813,2277,1053,98,52,157655
2025-11-02,207,44,21201,2497,992,101,42,157818
2025-11-03,206,53,8197,888,460,86,41,157971
2025-11-04,187,45,5912,963,413,109,48,158113
2025-11-05,183,53,8400,930,513,103,57,158243
2025-11-06,196,57,7863,861,483,112,57,158382
2025-11-07,225,46,8108,943,404,90,51,158561
2025-11-08,171,52,17756,2436,1005,98,45,158680
2025-11-09,166,43,19982,2319,1134,98,53,158803
2025-11-10,198,52,9166,1039,461,100,46,158949
2025-11-11,196,49,8501,991,454,83,45,159096
2025-11-12,198,51,8011,1028,485,98,38,159243
2025-11-13,200,45,8284,899,505,83,49,159398
2025-11-14,191,40,8361,948,418,101,45,159549
2025-11-15,224,51,17326,2243,1161,77,49,159722
2025-11-16,164,38,19994,2263,1012,79,37,159848
2025-11-17,179,47,8816,1011,489,106,49,159980
2025-11-18,194,53,9759,966,488,92,37,160121
2025-11-19,163,49,9549,943,464,88,54,160235
2025-11-20,192,58,7930,1291,440,110,51,160369
2025-11-21,228,54,9244,1070,476,101,47,160543
2025-11-22,196,45,17456,2299,1282,106,51,160694
2025-11-23,201,49,20705,2157,954,96,44,160846
2025-11-24,171,48,8188,938,574,124,49,160969
2025-11-25,184,41,7778,970,479,92,53,161112
2025-11-26,189,44,8940,1012,493,115,33,161257
2025-11-27,190,46,6393,799,438,97,47,161401
2025-11-28,222,39,7226,830,454,82,49,161584
2025-11-29,208,49,19434,2074,1050,103,48,161743
2025-11-30,175,48,20021,2263,992,101,56,161870
2025-12-01,202,41,8531,962,482,88,43,162031
2025-12-02,207,51,7488,1132,473,89,46,162187
2025-12-03,219,52,8196,840,584,98,39,162354
2025-12-04,228,50,9311,913,436,102,56,162532
2025-12-05,177,47,9518,1138,499,74,48,162662
2025-12-06,181,52,20283,2252,1138,109,47,162791
2025-12-07,172,52,22755,2421,992,94,49,162911
2025-12-08,193,50,9461,1192,528,85,52,163054
2025-12-09,207,45,8452,921,475,108,51,163216
2025-12-10,217,50,8914,980,371,98,62,163383
2025-12-11,196,55,7915,963,528,111,51,163524
2025-12-12,191,46,9144,797,440,103,47,163669
2025-12-13,201,59,23201,2162,996,99,46,163811
2025-12-14,181,47,22399,2427,1192,97,47,163945
2025-12-15,240,49,10664,1046,479,104,42,164136
2025-12-16,166,46,9106,1054,542,95,49,164256
2025-12-17,202,50,10697,956,556,90,53,164408
2025-12-18,239,41,9282,928,464,105,46,164606
2025-12-19,199,47,10901,1120,536,98,45,164758
2025-12-20,195,44,21421,2126,1032,99,57,164909
2025-12-21,191,50,23077,2304,1368,110,42,165050
2025-12-22,195,54,11036,1012,463,98,39,165191
2025-12-23,226,53,9468,1141,549,99,44,165364
2025-12-24,155,38,9905,1093,540,93,42,165481
2025-12-25,230,60,10986,868,514,104,51,165651
2025-12-26,171,51,9641,879,465,103,48,165771
2025-12-27,194,46,19156,2373,1104,108,48,165919
2025-12-28,191,50,26908,2232,879,94,55,166060
2025-12-29,211,50,9422,953,510,95,46,166221
2025-12-30,167,46,10084,1101,517,107,53,166342
2025-12-31,209,50,11117,1018,506,102,57,166501
